"Id","Label"
"孙宝毅(1942)","孙宝毅(1942)"
"王世宪(1942)","王世宪(1942)"
"白云(1942)","白云(1942)"
"Mecermjck，A.O.(1942)","Mecermjck，A.O.(1942)"
"云白(1942)","云白(1942)"
"张君劢(1942)","张君劢(1942)"
"李普曼(1942)","李普曼(1942)"
"杜才奇(1942)","杜才奇(1942)"
"费隐(1942)","费隐(1942)"
"齐庄(1942)","齐庄(1942)"
"孙宝毅(1943)","孙宝毅(1943)"
"周久安(1943)","周久安(1943)"
"张君劢(1943)","张君劢(1943)"
"郭豫才(1943)","郭豫才(1943)"
"Stevens，B.(1943)","Stevens，B.(1943)"
"Thomson，D.(1943)","Thomson，D.(1943)"
"Wedgwood，J.(1943)","Wedgwood，J.(1943)"
"孙觉生(1943)","孙觉生(1943)"
"曾少非(1943)","曾少非(1943)"
"杨永乾(1943)","杨永乾(1943)"
"王幼侨(1943)","王幼侨(1943)"
"袁道冲(1943)","袁道冲(1943)"
"罗隆基(1944)","罗隆基(1944)"
"曾昭抡(1944)","曾昭抡(1944)"
"潘光旦(1944)","潘光旦(1944)"
"Fast，H.(1944)","Fast，H.(1944)"
"孙宝毅(1944)","孙宝毅(1944)"
"张君劢(1944)","张君劢(1944)"
"祁广(1944)","祁广(1944)"
"WOOLLCOTT.A(1944)","WOOLLCOTT.A(1944)"
"严天元(1944)","严天元(1944)"
"劬民(1944)","劬民(1944)"
"华莱士(1944)","华莱士(1944)"
"吴富__(1944)","吴富__(1944)"
"吴晗(1944)","吴晗(1944)"
"孙亚夫(1944)","孙亚夫(1944)"
"尚铖(1944)","尚铖(1944)"
"拉斯基(1944)","拉斯基(1944)"
"正菲(1944)","正菲(1944)"
"流金(1944)","流金(1944)"
"胡毅(1944)","胡毅(1944)"
"蒋匀田(1944)","蒋匀田(1944)"
"费仲南(1944)","费仲南(1944)"
"费孝通(1944)","费孝通(1944)"
"邓初民(1944)","邓初民(1944)"
"闻家驷(1944)","闻家驷(1944)"
"陆钦墀(1944)","陆钦墀(1944)"
"左拉(1945)","左拉"
"罗隆基(1945)","罗隆基"
"黄炎培(1945)","黄炎培"
"曾昭抡(1945)","曾昭抡"
"郑振铎(1945)","郑振铎"
"俞颂华(1945)","俞颂华"
"丰子恺(1945)","丰子恺"
"陶行知(1945)","陶行知"
"梁公任(1945)","梁公任"
"许广平(1945)","许广平"
"蒲岗(1945)","蒲岗"
"尊闻(1945)","尊闻"
"秦柳方(1945)","秦柳方"
"周建人(1945)","周建人"
"平心(1945)","平心"
"董秋斯(1945)","董秋斯"
"引流(1945)","引流"
"石啸冲(1945)","石啸冲"
"孟南(1945)","孟南"
"杨明(1945)","杨明"
"费孝通(1945)","费孝通"
"马叙伦(1945)","马叙伦"
"吴晗(1945)","吴晗"
"小鱼(1945)","小鱼"
"思慕(1945)","思慕"
"曹聚仁(1945)","曹聚仁"
"杨卫玉(1945)","杨卫玉"
"柳宗元(1945)","柳宗元"
"珂田(1945)","珂田"
"翦伯赞(1945)","翦伯赞"
"胡曲园(1945)","胡曲园"
"齐纬(1945)","齐纬"
"严延(1945)","严延"
"光未然(1945)","光未然"
"克士(1945)","克士"
"君山(1945)","君山"
"张一凡(1945)","张一凡"
"张礼千(1945)","张礼千"
"澹庐(1945)","澹庐"
"王立果(1945)","王立果"
"百辞(1945)","百辞"
"章伯钧(1945)","章伯钧"
"索非(1945)","索非"
"罗稷南(1945)","罗稷南"
"罗西(1945)","罗西"
"翁逸之(1945)","翁逸之"
"胡钊(1945)","胡钊"
"茅盾(1945)","茅盾"
"许若明(1945)","许若明"
"邵翰齐(1945)","邵翰齐"
"陈正飞(1945)","陈正飞"
"陶大镛(1945)","陶大镛"
"丁聪(1945)","丁聪"
"严景耀(1945)","严景耀"
"周新民(1945)","周新民"
"唐言(1945)","唐言"
"子冈(1945)","子冈"
"师陀(1945)","师陀"
"张大任(1945)","张大任"
"愚公(1945)","愚公"
"晓歌(1945)","晓歌"
"李兆安(1945)","李兆安"
"柳亚子(1945)","柳亚子"
"楚图南(1945)","楚图南"
"毅生(1945)","毅生"
"求思(1945)","求思"
"沈志远(1945)","沈志远"
"潮声(1945)","潮声"
"王少燕(1945)","王少燕"
"祝世康(1945)","祝世康"
"秋斯(1945)","秋斯"
"罗加正(1945)","罗加正"
"罗涵先(1945)","罗涵先"
"肥遯(1945)","肥遯"
"胡毅(1945)","胡毅"
"若愚(1945)","若愚"
"范华农(1945)","范华农"
"迈之(1945)","迈之"
"邓初民(1945)","邓初民"
"郭绍虞(1945)","郭绍虞"
"问梁(1945)","问梁"
"静远(1945)","静远"
"顾均正(1945)","顾均正"
"马丁(1945)","马丁"
"高克奇(1945)","高克奇"
"黄巨兴(1945)","黄巨兴"
"黄裳(1945)","黄裳"
"一民(1945)","一民"
"严景曜(1945)","严景曜"
"亚槐(1945)","亚槐"
"光年(1945)","光年"
"其良(1945)","其良"
"农慕之(1945)","农慕之"
"冬予里(1945)","冬予里"
"冯玉祥(1945)","冯玉祥"
"凤子(1945)","凤子"
"刘逸(1945)","刘逸"
"刘铁华(1945)","刘铁华"
"力扬(1945)","力扬"
"千里(1945)","千里"
"华心(1945)","华心"
"华阳(1945)","华阳"
"卢蕻(1945)","卢蕻"
"叶圣陶(1945)","叶圣陶"
"吴斐丹(1945)","吴斐丹"
"吴清友(1945)","吴清友"
"周予同(1945)","周予同"
"周伯棣(1945)","周伯棣"
"周谷城(1945)","周谷城"
"夏衍(1945)","夏衍"
"外卢(1945)","外卢"
"夷初(1945)","夷初"
"奴齐(1945)","奴齐"
"娄立齐(1945)","娄立齐"
"子敬(1945)","子敬"
"孟心坚(1945)","孟心坚"
"宾符(1945)","宾符"
"尚丁(1945)","尚丁"
"屠西(1945)","屠西"
"巴金(1945)","巴金"
"张子毅(1945)","张子毅"
"张澜(1945)","张澜"
"张申府(1945)","张申府"
"张若达(1945)","张若达"
"徐植(1945)","徐植"
"拾风(1945)","拾风"
"曹刚(1945)","曹刚"
"曹萝阳(1945)","曹萝阳"
"李公樸(1945)","李公樸"
"李凌飞(1945)","李凌飞"
"李及(1945)","李及"
"李战林(1945)","李战林"
"李玄伯(1945)","李玄伯"
"杨刚(1945)","杨刚"
"柏寒(1945)","柏寒"
"柳诒(1945)","柳诒"
"梁漱溟(1945)","梁漱溟"
"沈涛(1945)","沈涛"
"洛扬(1945)","洛扬"
"燕士(1945)","燕士"
"王以中(1945)","王以中"
"王伯祥(1945)","王伯祥"
"王沿津(1945)","王沿津"
"王铁华(1945)","王铁华"
"端木泉(1945)","端木泉"
"胡剑(1945)","胡剑"
"艾秋飙(1945)","艾秋飙"
"苏尔齐伯格(1945)","苏尔齐伯格"
"范蕙(1945)","范蕙"
"萧明(1945)","萧明"
"葭水(1945)","葭水"
"袁西华(1945)","袁西华"
"许傑(1945)","许傑"
"许杰(1945)","许杰"
"费稳(1945)","费稳"
"贺依(1945)","贺依"
"郑森禹(1945)","郑森禹"
"郭沫若(1945)","郭沫若"
"金枫(1945)","金枫"
"镜民(1945)","镜民"
"陆钦墀(1945)","陆钦墀"
"陈康成(1945)","陈康成"
"陈志中(1945)","陈志中"
"陈曦(1945)","陈曦"
"陈鼎龢(1945)","陈鼎龢"
"项黎(1945)","项黎"
"马哲民(1945)","马哲民"
"骆闻(1945)","骆闻"
"高扬(1945)","高扬"
"魏矢(1945)","魏矢"
"鲁小詹(1945)","鲁小詹"
"鲍乐蒂(1945)","鲍乐蒂"
"黄药眠(1945)","黄药眠"
"黎舫(1945)","黎舫"
"Bercovici，K.(1945)","Bercovici，K."
"Clark，B.(1945)","Clark，B."
"F._Geyrasi(1945)","F._Geyrasi"
"Hogg，P.(1945)","Hogg，P."
"Milner，I.(1945)","Milner，I."
"一学生(1945)","一学生"
"一生(1945)","一生"
"丁一(1945)","丁一"
"丁易(1945)","丁易"
"丁玲(1945)","丁玲"
"丁西林(1945)","丁西林"
"万影(1945)","万影"
"万英(1945)","万英"
"不耳(1945)","不耳"
"丘八大(1945)","丘八大"
"东方晦之(1945)","东方晦之"
"严亚明(1945)","严亚明"
"严信民(1945)","严信民"
"严克(1945)","严克"
"严奇(1945)","严奇"
"严景矅(1945)","严景矅"
"严问天(1945)","严问天"
"丹尼尔(1945)","丹尼尔"
"于蒪(1945)","于蒪"
"以君(1945)","以君"
"任华(1945)","任华"
"任四维(1945)","任四维"
"伊利奥特(1945)","伊利奥特"
"伍同伐(1945)","伍同伐"
"伍启元(1945)","伍启元"
"伯伟(1945)","伯伟"
"伯华(1945)","伯华"
"伯韩(1945)","伯韩"
"但维斯(1945)","但维斯"
"何其芳(1945)","何其芳"
"何惧(1945)","何惧"
"何方(1945)","何方"
"何达(1945)","何达"
"余伯约(1945)","余伯约"
"余剡溪(1945)","余剡溪"
"侯外卢(1945)","侯外卢"
"侯外庐(1945)","侯外庐"
"俊生(1945)","俊生"
"俞焕文(1945)","俞焕文"
"傅彬然(1945)","傅彬然"
"傅雷(1945)","傅雷"
"光军(1945)","光军"
"光涛(1945)","光涛"
"全杨(1945)","全杨"
"公健(1945)","公健"
"公孙未央(1945)","公孙未央"
"再生侯北人(1945)","再生侯北人"
"冯乃超(1945)","冯乃超"
"冯克(1945)","冯克"
"冯少山(1945)","冯少山"
"冶人(1945)","冶人"
"冷红(1945)","冷红"
"冷遹(1945)","冷遹"
"冷风(1945)","冷风"
"刘尊棋(1945)","刘尊棋"
"刘清扬(1945)","刘清扬"
"刘瑞林(1945)","刘瑞林"
"劳莹(1945)","劳莹"
"北人(1945)","北人"
"华臣(1945)","华臣"
"卢剑公(1945)","卢剑公"
"卢铎(1945)","卢铎"
"友非(1945)","友非"
"反对内战(1945)","反对内战"
"叔伟(1945)","叔伟"
"叔梁(1945)","叔梁"
"史国卫(1945)","史国卫"
"史笃(1945)","史笃"
"叶君(1945)","叶君"
"叶文雄(1945)","叶文雄"
"司马星(1945)","司马星"
"吉人(1945)","吉人"
"吕剑(1945)","吕剑"
"吕德润(1945)","吕德润"
"吴世昌(1945)","吴世昌"
"吴大琨(1945)","吴大琨"
"吴晓(1945)","吴晓"
"吴王琨(1945)","吴王琨"
"吴祖光(1945)","吴祖光"
"吴纪(1945)","吴纪"
"吴荣甲(1945)","吴荣甲"
"吴藻溪(1945)","吴藻溪"
"吴铁(1945)","吴铁"
"周依维(1945)","周依维"
"周先庚(1945)","周先庚"
"周振甫(1945)","周振甫"
"周斧冰(1945)","周斧冰"
"周波(1945)","周波"
"周煦良(1945)","周煦良"
"周知(1945)","周知"
"唐庆增(1945)","唐庆增"
"唐弢(1945)","唐弢"
"唐秉文(1945)","唐秉文"
"坦宁保姆(1945)","坦宁保姆"
"夏孟辉(1945)","夏孟辉"
"夏炎德(1945)","夏炎德"
"夏迪蒙(1945)","夏迪蒙"
"大愿(1945)","大愿"
"大荒(1945)","大荒"
"天凡(1945)","天凡"
"天父(1945)","天父"
"天顽(1945)","天顽"
"奥凯(1945)","奥凯"
"姚苏凤(1945)","姚苏凤"
"姜庆湘(1945)","姜庆湘"
"姜鹏翊(1945)","姜鹏翊"
"存真(1945)","存真"
"孙亚夫(1945)","孙亚夫"
"孙宝毅(1945)","孙宝毅"
"孙起孟(1945)","孙起孟"
"孟昌(1945)","孟昌"
"安约吾(1945)","安约吾"
"安逸(1945)","安逸"
"宣谛之(1945)","宣谛之"
"宦乡(1945)","宦乡"
"宧乡(1945)","宧乡"
"寿生(1945)","寿生"
"尊立(1945)","尊立"
"小羽(1945)","小羽"
"少之(1945)","少之"
"尔咸(1945)","尔咸"
"尚钺(1945)","尚钺"
"尚铖(1945)","尚铖"
"尚青禾(1945)","尚青禾"
"左舜生(1945)","左舜生"
"巴尔契斯基(1945)","巴尔契斯基"
"庄圻泰(1945)","庄圻泰"
"庄永(1945)","庄永"
"张东皋(1945)","张东皋"
"张东荪(1945)","张东荪"
"张凤举(1945)","张凤举"
"张刚(1945)","张刚"
"张君劢(1945)","张君劢"
"张宏(1945)","张宏"
"张志让(1945)","张志让"
"张志龢(1945)","张志龢"
"张恨水(1945)","张恨水"
"张时俊(1945)","张时俊"
"张明养(1945)","张明养"
"张栋举(1945)","张栋举"
"张淦(1945)","张淦"
"张珏(1945)","张珏"
"张竞存(1945)","张竞存"
"张西曼(1945)","张西曼"
"张远昕(1945)","张远昕"
"张雪澄(1945)","张雪澄"
"张鸿增(1945)","张鸿增"
"彭松(1945)","彭松"
"徐修(1945)","徐修"
"徐如免(1945)","徐如免"
"徐撤(1945)","徐撤"
"徐相任(1945)","徐相任"
"徐系(1945)","徐系"
"徐调孚(1945)","徐调孚"
"徐郎(1945)","徐郎"
"徐铸成(1945)","徐铸成"
"慕英(1945)","慕英"
"戎戈(1945)","戎戈"
"戚陈德珍(1945)","戚陈德珍"
"戴寒波(1945)","戴寒波"
"房龙(1945)","房龙"
"托尔斯泰(1945)","托尔斯泰"
"抱贞(1945)","抱贞"
"拉铁摩尔(1945)","拉铁摩尔"
"振寰(1945)","振寰"
"敏之(1945)","敏之"
"文宜(1945)","文宜"
"斯诺(1945)","斯诺"
"新武(1945)","新武"
"方与严(1945)","方与严"
"方扬(1945)","方扬"
"方治平(1945)","方治平"
"方禺(1945)","方禺"
"施佑铭(1945)","施佑铭"
"施复亮(1945)","施复亮"
"施艾(1945)","施艾"
"施贻(1945)","施贻"
"明养(1945)","明养"
"明子(1945)","明子"
"易水(1945)","易水"
"春光(1945)","春光"
"晓敷(1945)","晓敷"
"晶远(1945)","晶远"
"曹介植(1945)","曹介植"
"曹樸(1945)","曹樸"
"曾守约(1945)","曾守约"
"曾琦(1945)","曾琦"
"曾瑞(1945)","曾瑞"
"月伶(1945)","月伶"
"朝华(1945)","朝华"
"木林(1945)","木林"
"朱健飞(1945)","朱健飞"
"朱彬元(1945)","朱彬元"
"朱洗(1945)","朱洗"
"朱自珍(1945)","朱自珍"
"李健吾(1945)","李健吾"
"李兆(1945)","李兆"
"李公朴(1945)","李公朴"
"李善卷(1945)","李善卷"
"李时中(1945)","李时中"
"李自强(1945)","李自强"
"杜迈之(1945)","杜迈之"
"来秋(1945)","来秋"
"杨佑贤(1945)","杨佑贤"
"杨作雨(1945)","杨作雨"
"杨动(1945)","杨动"
"杨学纯(1945)","杨学纯"
"杨宗亿(1945)","杨宗亿"
"杨愚(1945)","杨愚"
"杨穗(1945)","杨穗"
"杨荣国(1945)","杨荣国"
"杨蔚(1945)","杨蔚"
"杨霁云(1945)","杨霁云"
"林松(1945)","林松"
"林汉达(1945)","林汉达"
"林焕平(1945)","林焕平"
"林谷(1945)","林谷"
"林陵蓉(1945)","林陵蓉"
"柏有仁(1945)","柏有仁"
"柯灵(1945)","柯灵"
"柳蕴(1945)","柳蕴"
"树鹃(1945)","树鹃"
"桑弧(1945)","桑弧"
"梁纯夫(1945)","梁纯夫"
"梅兰芳(1945)","梅兰芳"
"梅湜(1945)","梅湜"
"梧轩(1945)","梧轩"
"欧罗(1945)","欧罗"
"正非(1945)","正非"
"民语(1945)","民语"
"永先(1945)","永先"
"汝德(1945)","汝德"
"江同(1945)","江同"
"汤心仪(1945)","汤心仪"
"汪大煊(1945)","汪大煊"
"沈兹九(1945)","沈兹九"
"沈来秋(1945)","沈来秋"
"沈若谷(1945)","沈若谷"
"沈钧儒(1945)","沈钧儒"
"沙溪(1945)","沙溪"
"洛明(1945)","洛明"
"洪谦(1945)","洪谦"
"济之(1945)","济之"
"浩川(1945)","浩川"
"海魂(1945)","海魂"
"涵先(1945)","涵先"
"深公(1945)","深公"
"清涟(1945)","清涟"
"渠之(1945)","渠之"
"游牧(1945)","游牧"
"湘渔(1945)","湘渔"
"潘光旦(1945)","潘光旦"
"潘大逵(1945)","潘大逵"
"潘安业(1945)","潘安业"
"潘梓年(1945)","潘梓年"
"潘焕昆(1945)","潘焕昆"
"潘立桐(1945)","潘立桐"
"灕流(1945)","灕流"
"炎火(1945)","炎火"
"焦敏之(1945)","焦敏之"
"爱思金(1945)","爱思金"
"独郑步(1945)","独郑步"
"王__(1945)","王__"
"王善淳(1945)","王善淳"
"王子敬(1945)","王子敬"
"王琦(1945)","王琦"
"王碎若(1945)","王碎若"
"王绍鏊(1945)","王绍鏊"
"王若飞(1945)","王若飞"
"王赣愚(1945)","王赣愚"
"王铁猴(1945)","王铁猴"
"王雨桐(1945)","王雨桐"
"甘敏(1945)","甘敏"
"田禾(1945)","田禾"
"申迟(1945)","申迟"
"白英(1945)","白英"
"直心(1945)","直心"
"瞿荆洲(1945)","瞿荆洲"
"知廉(1945)","知廉"
"石城(1945)","石城"
"石如(1945)","石如"
"石梅(1945)","石梅"
"石渊(1945)","石渊"
"祝公健(1945)","祝公健"
"秉志(1945)","秉志"
"秋原(1945)","秋原"
"程力方(1945)","程力方"
"程及(1945)","程及"
"程启钧(1945)","程启钧"
"程澄之(1945)","程澄之"
"穆欣(1945)","穆欣"
"穆涛(1945)","穆涛"
"立垒(1945)","立垒"
"章乃器(1945)","章乃器"
"章榴(1945)","章榴"
"章锡琛(1945)","章锡琛"
"童润之(1945)","童润之"
"竹云龙(1945)","竹云龙"
"笪移今(1945)","笪移今"
"简樸(1945)","简樸"
"箫明(1945)","箫明"
"纪鲁(1945)","纪鲁"
"绀弩(1945)","绀弩"
"罗任一(1945)","罗任一"
"罗守信(1945)","罗守信"
"罗尔鲍(1945)","罗尔鲍"
"罗斯福(1945)","罗斯福"
"罗罗隆基(1945)","罗罗隆基"
"罗贝慈(1945)","罗贝慈"
"翁文灏(1945)","翁文灏"
"耀羣(1945)","耀羣"
"老圣(1945)","老圣"
"老舍(1945)","老舍"
"耿介怀(1945)","耿介怀"
"耿济之(1945)","耿济之"
"肇世(1945)","肇世"
"肯明斯(1945)","肯明斯"
"胡大庆(1945)","胡大庆"
"胡思濂(1945)","胡思濂"
"胡经纬(1945)","胡经纬"
"胡绳(1945)","胡绳"
"舒湮(1945)","舒湮"
"舜生(1945)","舜生"
"艾艾(1945)","艾艾"
"艾芜(1945)","艾芜"
"艾莤(1945)","艾莤"
"花西里(1945)","花西里"
"苏东(1945)","苏东"
"苦人(1945)","苦人"
"范樸斋(1945)","范樸斋"
"荃麟(1945)","荃麟"
"草草(1945)","草草"
"莊稼(1945)","莊稼"
"莫同尧(1945)","莫同尧"
"莫启欧(1945)","莫启欧"
"莫白水(1945)","莫白水"
"莫闻(1945)","莫闻"
"葛一虹(1945)","葛一虹"
"董浩(1945)","董浩"
"董渭川(1945)","董渭川"
"蒋畴余(1945)","蒋畴余"
"蒲作(1945)","蒲作"
"蓝光(1945)","蓝光"
"蔡楚生(1945)","蔡楚生"
"薛光前(1945)","薛光前"
"薛汕(1945)","薛汕"
"虞人平(1945)","虞人平"
"虞德林(1945)","虞德林"
"衍棣(1945)","衍棣"
"观察者(1945)","观察者"
"言复(1945)","言复"
"警予(1945)","警予"
"许寿裳(1945)","许寿裳"
"诸慧(1945)","诸慧"
"调孚(1945)","调孚"
"谈兵(1945)","谈兵"
"谢尚光(1945)","谢尚光"
"谷荣(1945)","谷荣"
"贝塞尔(1945)","贝塞尔"
"费哲(1945)","费哲"
"贺湄(1945)","贺湄"
"辛海(1945)","辛海"
"辛笛(1945)","辛笛"
"迻山(1945)","迻山"
"退知(1945)","退知"
"邓初氏(1945)","邓初氏"
"邵冲霄(1945)","邵冲霄"
"邵力子(1945)","邵力子"
"邵嘉陵(1945)","邵嘉陵"
"郑光昭(1945)","郑光昭"
"郑初民(1945)","郑初民"
"郑独步(1945)","郑独步"
"郭沬若(1945)","郭沬若"
"金向凡(1945)","金向凡"
"钟宣(1945)","钟宣"
"钟百频(1945)","钟百频"
"钱端升(1945)","钱端升"
"铁僧(1945)","铁僧"
"闻一多(1945)","闻一多"
"闻家駰(1945)","闻家駰"
"闻家驷(1945)","闻家驷"
"闾方(1945)","闾方"
"阿凌(1945)","阿凌"
"阿希敦(1945)","阿希敦"
"阿特里(1945)","阿特里"
"陆平(1945)","陆平"
"陆诒(1945)","陆诒"
"陆青(1945)","陆青"
"陈亦丹(1945)","陈亦丹"
"陈元良(1945)","陈元良"
"陈兆珂(1945)","陈兆珂"
"陈家康(1945)","陈家康"
"陈封雄(1945)","陈封雄"
"陈尚藩(1945)","陈尚藩"
"陈志忠(1945)","陈志忠"
"陈时臬(1945)","陈时臬"
"陈明文(1945)","陈明文"
"陈烟桥刻(1945)","陈烟桥刻"
"陈翰伯(1945)","陈翰伯"
"陈范(1945)","陈范"
"陈菊珍(1945)","陈菊珍"
"陈轲(1945)","陈轲"
"陈辛(1945)","陈辛"
"隐民(1945)","隐民"
"雨生(1945)","雨生"
"雷诺斯(1945)","雷诺斯"
"雷铭(1945)","雷铭"
"青蛉(1945)","青蛉"
"韦康(1945)","韦康"
"顿风(1945)","顿风"
"颂俞华(1945)","颂俞华"
"马义(1945)","马义"
"马代(1945)","马代"
"马寅初(1945)","马寅初"
"马戈(1945)","马戈"
"马星野(1945)","马星野"
"马歇尔(1945)","马歇尔"
"马歇尔特(1945)","马歇尔特"
"马远(1945)","马远"
"高光(1945)","高光"
"高克夫(1945)","高克夫"
"魏友棐(1945)","魏友棐"
"魏金枝(1945)","魏金枝"
"鱼目(1945)","鱼目"
"鲁山(1945)","鲁山"
"鲁迅(1945)","鲁迅"
"鲁逵(1945)","鲁逵"
"鲍尔温(1945)","鲍尔温"
"鲍鸿生(1945)","鲍鸿生"
"黄吉兴(1945)","黄吉兴"
"黄大能(1945)","黄大能"
"黄宗英(1945)","黄宗英"
"黄杉(1945)","黄杉"
"黄河清(1945)","黄河清"
"黄海(1945)","黄海"
"黄道庸(1945)","黄道庸"
"黎华(1945)","黎华"
"黎平(1945)","黎平"
"黎明(1945)","黎明"
"齐人(1945)","齐人"
"龙天峯(1945)","龙天峯"
"（印）约希(1945)","（印）约希"
"（美）安德鲁鲍思(1945)","（美）安德鲁鲍思"
"（美）福尔曼(1945)","（美）福尔曼"
"（美）蓝纳(1945)","（美）蓝纳"
"（苏）Dmitrevsky，N.(1945)","（苏）Dmitrevsky，N."
"（英）马可里(1945)","（英）马可里"
"郑振铎(1946)","郑振铎"
"马叙伦(1946)","马叙伦"
"许广平(1946)","许广平"
"丁聪(1946)","丁聪"
"求思(1946)","求思"
"苏生(1946)","苏生"
"白旭(1946)","白旭"
"张君劢(1946)","张君劢"
"周建人(1946)","周建人"
"黄裳(1946)","黄裳"
"孙宝毅(1946)","孙宝毅"
"何肫林(1946)","何肫林"
"国超(1946)","国超"
"念青(1946)","念青"
"蒲岗(1946)","蒲岗"
"丕强(1946)","丕强"
"毅生(1946)","毅生"
"董秋斯(1946)","董秋斯"
"何之(1946)","何之"
"黄春生(1946)","黄春生"
"华叔甫(1946)","华叔甫"
"黄药眠(1946)","黄药眠"
"关夫(1946)","关夫"
"许若明(1946)","许若明"
"侯北人(1946)","侯北人"
"金大均(1946)","金大均"
"陆诒(1946)","陆诒"
"马戈(1946)","马戈"
"丁静(1946)","丁静"
"司马星(1946)","司马星"
"周琦(1946)","周琦"
"唐思礼(1946)","唐思礼"
"朱树锦(1946)","朱树锦"
"甘草(1946)","甘草"
"许虚(1946)","许虚"
"静远(1946)","静远"
"严信民(1946)","严信民"
"吴晗(1946)","吴晗"
"张东荪(1946)","张东荪"
"方艾(1946)","方艾"
"欧振文(1946)","欧振文"
"潘大逵(1946)","潘大逵"
"蔡尚思(1946)","蔡尚思"
"赵志华(1946)","赵志华"
"邓初民(1946)","邓初民"
"郑森禹(1946)","郑森禹"
"高克奇(1946)","高克奇"
"不移(1946)","不移"
"严艺英(1946)","严艺英"
"伯奇(1946)","伯奇"
"余园(1946)","余园"
"俞颂华(1946)","俞颂华"
"左拉(1946)","左拉"
"施复亮(1946)","施复亮"
"潘光旦(1946)","潘光旦"
"潘静(1946)","潘静"
"王艮仲(1946)","王艮仲"
"石啸冲(1946)","石啸冲"
"费孝通(1946)","费孝通"
"陈士华(1946)","陈士华"
"高祖文(1946)","高祖文"
"黎纬北(1946)","黎纬北"
"一波(1946)","一波"
"严景耀(1946)","严景耀"
"千家驹(1946)","千家驹"
"史刚(1946)","史刚"
"吴世昌(1946)","吴世昌"
"吴泽(1946)","吴泽"
"周公南(1946)","周公南"
"寒松(1946)","寒松"
"小芒(1946)","小芒"
"张一凡(1946)","张一凡"
"更生(1946)","更生"
"杨光明(1946)","杨光明"
"梁纯夫(1946)","梁纯夫"
"湘渔(1946)","湘渔"
"瞿康祖(1946)","瞿康祖"
"胡先驌(1946)","胡先驌"
"胡愈之(1946)","胡愈之"
"范蕙(1946)","范蕙"
"许寿裳(1946)","许寿裳"
"赵渢(1946)","赵渢"
"钱晓义(1946)","钱晓义"
"陈梅卿(1946)","陈梅卿"
"顾佩之(1946)","顾佩之"
"魏明(1946)","魏明"
"Donald_Morrow(1946)","Donald_Morrow"
"东方晦之(1946)","东方晦之"
"东衣(1946)","东衣"
"任钧(1946)","任钧"
"伊人(1946)","伊人"
"伍啓元(1946)","伍啓元"
"伍宪子(1946)","伍宪子"
"何陋之(1946)","何陋之"
"信民(1946)","信民"
"克士(1946)","克士"
"刘健(1946)","刘健"
"刘清扬(1946)","刘清扬"
"卢淑(1946)","卢淑"
"吴耀宗(1946)","吴耀宗"
"吴靓云(1946)","吴靓云"
"子敬(1946)","子敬"
"宋宝山(1946)","宋宝山"
"小民(1946)","小民"
"张霞飞(1946)","张霞飞"
"思慕(1946)","思慕"
"戴文赛(1946)","戴文赛"
"新武(1946)","新武"
"木耳(1946)","木耳"
"李战林(1946)","李战林"
"李普曼(1946)","李普曼"
"欧阳倩(1946)","欧阳倩"
"永生(1946)","永生"
"沈同衡(1946)","沈同衡"
"沈志远(1946)","沈志远"
"王之德(1946)","王之德"
"王时颖(1946)","王时颖"
"王昆生(1946)","王昆生"
"田汉(1946)","田汉"
"稽古(1946)","稽古"
"章伯钧(1946)","章伯钧"
"若愚(1946)","若愚"
"萧公权(1946)","萧公权"
"蔡壬侯(1946)","蔡壬侯"
"西谛(1946)","西谛"
"赵心梅(1946)","赵心梅"
"适夷(1946)","适夷"
"郭沫若(1946)","郭沫若"
"陈烟桥(1946)","陈烟桥"
"陶行知(1946)","陶行知"
"马寅初(1946)","马寅初"
"黎卿(1946)","黎卿"
"一之(1946)","一之"
"万武(1946)","万武"
"云涛(1946)","云涛"
"以平(1946)","以平"
"任鸿隽(1946)","任鸿隽"
"何兆坤(1946)","何兆坤"
"何恕(1946)","何恕"
"储安平(1946)","储安平"
"司徒尚德(1946)","司徒尚德"
"向凡(1946)","向凡"
"吴祖光(1946)","吴祖光"
"周而复(1946)","周而复"
"唐旻(1946)","唐旻"
"夏孟辉(1946)","夏孟辉"
"夏康农(1946)","夏康农"
"子午(1946)","子午"
"孙起孟(1946)","孙起孟"
"客尔纳(1946)","客尔纳"
"尊闻(1946)","尊闻"
"尚铖(1946)","尚铖"
"张云川(1946)","张云川"
"张志和(1946)","张志和"
"慧年(1946)","慧年"
"文琴(1946)","文琴"
"方治平(1946)","方治平"
"晨曦(1946)","晨曦"
"曾昭抡(1946)","曾昭抡"
"李健吾(1946)","李健吾"
"林汉达(1946)","林汉达"
"梁秋水(1946)","梁秋水"
"毅夫(1946)","毅夫"
"沈定一(1946)","沈定一"
"洪涛(1946)","洪涛"
"王之枚(1946)","王之枚"
"王向凡(1946)","王向凡"
"罗稷南(1946)","罗稷南"
"耶戈(1946)","耶戈"
"胡冈(1946)","胡冈"
"范登堡(1946)","范登堡"
"茅盾(1946)","茅盾"
"萧扬(1946)","萧扬"
"萧明(1946)","萧明"
"萧曙(1946)","萧曙"
"萧秋(1946)","萧秋"
"蒋匀田(1946)","蒋匀田"
"裴仁(1946)","裴仁"
"费青(1946)","费青"
"赤峰(1946)","赤峰"
"邹云涛(1946)","邹云涛"
"郭冠杰(1946)","郭冠杰"
"野笋(1946)","野笋"
"金华(1946)","金华"
"陈原(1946)","陈原"
"陈瘦竹(1946)","陈瘦竹"
"雾城(1946)","雾城"
"黄炎培(1946)","黄炎培"
"丁易(1946)","丁易"
"乔峯(1946)","乔峯"
"于仲(1946)","于仲"
"于潮(1946)","于潮"
"以中(1946)","以中"
"伯涛(1946)","伯涛"
"何为(1946)","何为"
"何家槐(1946)","何家槐"
"作周(1946)","作周"
"兆均(1946)","兆均"
"光未然(1946)","光未然"
"冯友兰(1946)","冯友兰"
"刘文茵(1946)","刘文茵"
"刘西渭(1946)","刘西渭"
"力扬(1946)","力扬"
"勾适生(1946)","勾适生"
"卞之琳(1946)","卞之琳"
"史国衡(1946)","史国衡"
"叶圣陶(1946)","叶圣陶"
"叶笃义(1946)","叶笃义"
"周哲(1946)","周哲"
"唐弢(1946)","唐弢"
"夏衍(1946)","夏衍"
"孟浪(1946)","孟浪"
"安娥(1946)","安娥"
"少之(1946)","少之"
"尚钺(1946)","尚钺"
"巴金(1946)","巴金"
"希苓(1946)","希苓"
"平心(1946)","平心"
"建人(1946)","建人"
"张中府(1946)","张中府"
"张印堂(1946)","张印堂"
"张大雷(1946)","张大雷"
"张学良(1946)","张学良"
"张文元(1946)","张文元"
"张絅伯(1946)","张絅伯"
"张若达(1946)","张若达"
"张西超(1946)","张西超"
"张铁生(1946)","张铁生"
"张锡昌(1946)","张锡昌"
"彭泽民(1946)","彭泽民"
"徐寅初(1946)","徐寅初"
"徐调孚(1946)","徐调孚"
"怀瑾(1946)","怀瑾"
"思粤(1946)","思粤"
"戴镏龄(1946)","戴镏龄"
"拉斯基(1946)","拉斯基"
"拾风(1946)","拾风"
"普森(1946)","普森"
"木天(1946)","木天"
"李俞(1946)","李俞"
"李广田(1946)","李广田"
"李普(1946)","李普"
"李浩培(1946)","李浩培"
"杜守素(1946)","杜守素"
"杜律斯(1946)","杜律斯"
"杨增福(1946)","杨增福"
"杨宁(1946)","杨宁"
"杨弘(1946)","杨弘"
"杨毓滋(1946)","杨毓滋"
"林慧(1946)","林慧"
"林焕平(1946)","林焕平"
"林砺儒(1946)","林砺儒"
"林莽(1946)","林莽"
"林萼(1946)","林萼"
"柯灵(1946)","柯灵"
"梅湜(1946)","梅湜"
"武子(1946)","武子"
"毛以亨(1946)","毛以亨"
"求思诀(1946)","求思诀"
"江峰(1946)","江峰"
"沈燕谋(1946)","沈燕谋"
"波浪(1946)","波浪"
"洛如(1946)","洛如"
"洪深(1946)","洪深"
"浮天(1946)","浮天"
"湘文(1946)","湘文"
"潘星照(1946)","潘星照"
"狄超白(1946)","狄超白"
"珂田(1946)","珂田"
"甘杜(1946)","甘杜"
"田水(1946)","田水"
"田汝康(1946)","田汝康"
"石仁(1946)","石仁"
"石挥(1946)","石挥"
"祝唯一(1946)","祝唯一"
"秦柳方(1946)","秦柳方"
"秦牧(1946)","秦牧"
"程梯云(1946)","程梯云"
"紫槿(1946)","紫槿"
"编者(1946)","编者"
"翁逸之(1946)","翁逸之"
"胡曲园(1946)","胡曲园"
"胡绳(1946)","胡绳"
"胡钊(1946)","胡钊"
"胡风(1946)","胡风"
"莊智焕(1946)","莊智焕"
"萧冰(1946)","萧冰"
"蒋天佐(1946)","蒋天佐"
"许傑(1946)","许傑"
"诺斯(1946)","诺斯"
"赵元浩(1946)","赵元浩"
"达史(1946)","达史"
"邵景康(1946)","邵景康"
"郭生(1946)","郭生"
"醒民(1946)","醒民"
"野叟(1946)","野叟"
"闻一多(1946)","闻一多"
"阿杨(1946)","阿杨"
"陈友松(1946)","陈友松"
"陈此生(1946)","陈此生"
"陈衡哲(1946)","陈衡哲"
"陈闲(1946)","陈闲"
"非昔(1946)","非昔"
"高名凯(1946)","高名凯"
"高觉敷(1946)","高觉敷"
"黄雨秋(1946)","黄雨秋"
"黎洪(1946)","黎洪"
"默君(1946)","默君"
"A.K.(1946)","A.K."
"C.L.(1946)","C.L."
"Grary，W.(1946)","Grary，W."
"L·柏罗特(1946)","L·柏罗特"
"MK(1946)","MK"
"Stein，G.(1946)","Stein，G."
"Woodward，E.L.(1946)","Woodward，E.L."
"__波(1946)","__波"
"一孔(1946)","一孔"
"一知(1946)","一知"
"一行(1946)","一行"
"丁丙(1946)","丁丙"
"丁丙莉(1946)","丁丙莉"
"丁志进(1946)","丁志进"
"万力(1946)","万力"
"万守义(1946)","万守义"
"万来(1946)","万来"
"不耳(1946)","不耳"
"丘一中(1946)","丘一中"
"丘哲(1946)","丘哲"
"东山头人(1946)","东山头人"
"东郭迪吉(1946)","东郭迪吉"
"东风(1946)","东风"
"严奇(1946)","严奇"
"丰子恺(1946)","丰子恺"
"乃__(1946)","乃__"
"乃鹤(1946)","乃鹤"
"之的(1946)","之的"
"乐水(1946)","乐水"
"乡下人(1946)","乡下人"
"于明(1946)","于明"
"于陵(1946)","于陵"
"于鹤年(1946)","于鹤年"
"云野(1946)","云野"
"仁柳(1946)","仁柳"
"令狐畏(1946)","令狐畏"
"仰山(1946)","仰山"
"任叔谨(1946)","任叔谨"
"任四维(1946)","任四维"
"任民(1946)","任民"
"任远(1946)","任远"
"伊仲羊(1946)","伊仲羊"
"伊利奥特·罗斯福(1946)","伊利奥特·罗斯福"
"伊民(1946)","伊民"
"伍丁(1946)","伍丁"
"何其芳(1946)","何其芳"
"何天(1946)","何天"
"何容(1946)","何容"
"何康平(1946)","何康平"
"何方(1946)","何方"
"何林(1946)","何林"
"何永佶(1946)","何永佶"
"何清(1946)","何清"
"何满(1946)","何满"
"何锦明(1946)","何锦明"
"余伯约(1946)","余伯约"
"余信华(1946)","余信华"
"余审之(1946)","余审之"
"佛利阿特(1946)","佛利阿特"
"俞平清(1946)","俞平清"
"俞湘文(1946)","俞湘文"
"俞白克(1946)","俞白克"
"倪平(1946)","倪平"
"傅亮(1946)","傅亮"
"傅菊人(1946)","傅菊人"
"傅雷(1946)","傅雷"
"元民(1946)","元民"
"光旦(1946)","光旦"
"克汀(1946)","克汀"
"全慰天(1946)","全慰天"
"公南(1946)","公南"
"公隼(1946)","公隼"
"其善(1946)","其善"
"其玉(1946)","其玉"
"农慕之(1946)","农慕之"
"冠英(1946)","冠英"
"冬予里(1946)","冬予里"
"冬池(1946)","冬池"
"冯小山(1946)","冯小山"
"冯玉祥(1946)","冯玉祥"
"冯至(1946)","冯至"
"冷欣(1946)","冷欣"
"冷铁(1946)","冷铁"
"凌元(1946)","凌元"
"凌风(1946)","凌风"
"凌飞(1946)","凌飞"
"凤子(1946)","凤子"
"刃锋(1946)","刃锋"
"刍雷(1946)","刍雷"
"刘中育(1946)","刘中育"
"刘友瑾(1946)","刘友瑾"
"刘唯公(1946)","刘唯公"
"刘威(1946)","刘威"
"刘尊棋(1946)","刘尊棋"
"刘恢之(1946)","刘恢之"
"刘白羽(1946)","刘白羽"
"刘英(1946)","刘英"
"刘谟(1946)","刘谟"
"前进危险”(1946)","前进危险”"
"剪伯赞(1946)","剪伯赞"
"力戈(1946)","力戈"
"力耘(1946)","力耘"
"力衡(1946)","力衡"
"劳伦斯(1946)","劳伦斯"
"劳德拔哈(1946)","劳德拔哈"
"劳荣(1946)","劳荣"
"劳辛(1946)","劳辛"
"勒巩(1946)","勒巩"
"匀田(1946)","匀田"
"午子(1946)","午子"
"华伞(1946)","华伞"
"华又严(1946)","华又严"
"华庆(1946)","华庆"
"华生(1946)","华生"
"华臣(1946)","华臣"
"单行(1946)","单行"
"南人(1946)","南人"
"南风(1946)","南风"
"卧龙山人(1946)","卧龙山人"
"厄尔·白劳德(1946)","厄尔·白劳德"
"叙功(1946)","叙功"
"古月(1946)","古月"
"古泉(1946)","古泉"
"古谛(1946)","古谛"
"史东山(1946)","史东山"
"史枚(1946)","史枚"
"史永(1946)","史永"
"史笃(1946)","史笃"
"史言(1946)","史言"
"史逸(1946)","史逸"
"史鉴(1946)","史鉴"
"史靖(1946)","史靖"
"叶正明(1946)","叶正明"
"叶浅予(1946)","叶浅予"
"司马文森(1946)","司马文森"
"向师程(1946)","向师程"
"向春(1946)","向春"
"向豁(1946)","向豁"
"向达(1946)","向达"
"吕牛(1946)","吕牛"
"吕阳(1946)","吕阳"
"君羊(1946)","君羊"
"吴大琨(1946)","吴大琨"
"吴奔星(1946)","吴奔星"
"吴恩裕(1946)","吴恩裕"
"吴禹昌(1946)","吴禹昌"
"呆霞(1946)","呆霞"
"周东郊(1946)","周东郊"
"周予同(1946)","周予同"
"周新民(1946)","周新民"
"周绶章(1946)","周绶章"
"周荣(1946)","周荣"
"味橄(1946)","味橄"
"哈哈(1946)","哈哈"
"哈里逊·福门(1946)","哈里逊·福门"
"哲圣(1946)","哲圣"
"唐现之(1946)","唐现之"
"唐祥__(1946)","唐祥__"
"唐言(1946)","唐言"
"国新(1946)","国新"
"圣徒(1946)","圣徒"
"在灼(1946)","在灼"
"坚夫(1946)","坚夫"
"培仁(1946)","培仁"
"墨君(1946)","墨君"
"士刚(1946)","士刚"
"复生(1946)","复生"
"夏敏(1946)","夏敏"
"夏晨(1946)","夏晨"
"夏若愚(1946)","夏若愚"
"夏迪蒙(1946)","夏迪蒙"
"多鲁(1946)","多鲁"
"大希(1946)","大希"
"大白(1946)","大白"
"大羊(1946)","大羊"
"天顽(1946)","天顽"
"奔原(1946)","奔原"
"奥凯(1946)","奥凯"
"姚又馀(1946)","姚又馀"
"姚澄波(1946)","姚澄波"
"姜庆湘(1946)","姜庆湘"
"威尔斯(1946)","威尔斯"
"威德(1946)","威德"
"娄立齐(1946)","娄立齐"
"子冈(1946)","子冈"
"子起(1946)","子起"
"孔庆赓(1946)","孔庆赓"
"孙克宽(1946)","孙克宽"
"孙凯根(1946)","孙凯根"
"孙宝刚(1946)","孙宝刚"
"孙懋德(1946)","孙懋德"
"孙源(1946)","孙源"
"孙肯来(1946)","孙肯来"
"孟南(1946)","孟南"
"孟宪章(1946)","孟宪章"
"孟晖(1946)","孟晖"
"孟木(1946)","孟木"
"孟永之(1946)","孟永之"
"季凤(1946)","季凤"
"季季(1946)","季季"
"学范(1946)","学范"
"安奇(1946)","安奇"
"安娜·莎克赛(1946)","安娜·莎克赛"
"安得烈·罗斯(1946)","安得烈·罗斯"
"宋云彬(1946)","宋云彬"
"宗亿(1946)","宗亿"
"宗白华(1946)","宗白华"
"宗石(1946)","宗石"
"实革(1946)","实革"
"宣铁吾(1946)","宣铁吾"
"宦乡(1946)","宦乡"
"宾符(1946)","宾符"
"小兵(1946)","小兵"
"小鱼(1946)","小鱼"
"尔东(1946)","尔东"
"尖兵(1946)","尖兵"
"尙羣(1946)","尙羣"
"尤鲁(1946)","尤鲁"
"屠西(1946)","屠西"
"岳光(1946)","岳光"
"崔嵬(1946)","崔嵬"
"崔超明(1946)","崔超明"
"左垲(1946)","左垲"
"左昂(1946)","左昂"
"师陀(1946)","师陀"
"希孟(1946)","希孟"
"希昭(1946)","希昭"
"平新(1946)","平新"
"应卫民(1946)","应卫民"
"康纳(1946)","康纳"
"廖世承(1946)","廖世承"
"廖冰兄(1946)","廖冰兄"
"廖婴(1946)","廖婴"
"弋戈(1946)","弋戈"
"引流(1946)","引流"
"弘仁(1946)","弘仁"
"张一帆(1946)","张一帆"
"张东前(1946)","张东前"
"张健(1946)","张健"
"张光裕(1946)","张光裕"
"张凤举(1946)","张凤举"
"张刚父(1946)","张刚父"
"张君励(1946)","张君励"
"张复生(1946)","张复生"
"张宏(1946)","张宏"
"张家壻(1946)","张家壻"
"张庆一(1946)","张庆一"
"张志龢(1946)","张志龢"
"张恒(1946)","张恒"
"张正邦(1946)","张正邦"
"张武全(1946)","张武全"
"张永久(1946)","张永久"
"张沈贞清(1946)","张沈贞清"
"张澜(1946)","张澜"
"张琴(1946)","张琴"
"张申府(1946)","张申府"
"张禹(1946)","张禹"
"张胆(1946)","张胆"
"张道真(1946)","张道真"
"张锐(1946)","张锐"
"张鸣春(1946)","张鸣春"
"彭慧(1946)","彭慧"
"彭文应(1946)","彭文应"
"彭迪先(1946)","彭迪先"
"彳亍(1946)","彳亍"
"徐仁道(1946)","徐仁道"
"徐学礼(1946)","徐学礼"
"徐深(1946)","徐深"
"徐盈(1946)","徐盈"
"徐逸(1946)","徐逸"
"徐醒(1946)","徐醒"
"徐静凡(1946)","徐静凡"
"怀椒(1946)","怀椒"
"思云(1946)","思云"
"思聪(1946)","思聪"
"思辽(1946)","思辽"
"惕庵(1946)","惕庵"
"愚公(1946)","愚公"
"愿翊羣(1946)","愿翊羣"
"戈扬(1946)","戈扬"
"戈风(1946)","戈风"
"戴世光(1946)","戴世光"
"戴文葆(1946)","戴文葆"
"戾野(1946)","戾野"
"捷克(1946)","捷克"
"支笔(1946)","支笔"
"政客(1946)","政客"
"效先(1946)","效先"
"文中(1946)","文中"
"文人书(1946)","文人书"
"文公(1946)","文公"
"文孚(1946)","文孚"
"文育英(1946)","文育英"
"文茂(1946)","文茂"
"文西(1946)","文西"
"文雏(1946)","文雏"
"斯慈(1946)","斯慈"
"斯璜翦(1946)","斯璜翦"
"斯维(1946)","斯维"
"方旅(1946)","方旅"
"方生(1946)","方生"
"方皇绘(1946)","方皇绘"
"方直(1946)","方直"
"方纾(1946)","方纾"
"施丽珠(1946)","施丽珠"
"旁听(1946)","旁听"
"旦尼(1946)","旦尼"
"易水之思(1946)","易水之思"
"昭琛(1946)","昭琛"
"晋人(1946)","晋人"
"晓敷(1946)","晓敷"
"景伊(1946)","景伊"
"景山(1946)","景山"
"景文(1946)","景文"
"曹叔山(1946)","曹叔山"
"曹孟君(1946)","曹孟君"
"曹斌华(1946)","曹斌华"
"曹斌杰(1946)","曹斌杰"
"曹梦阳(1946)","曹梦阳"
"曹锡珍(1946)","曹锡珍"
"曾其途(1946)","曾其途"
"曾尚贤(1946)","曾尚贤"
"未英(1946)","未英"
"未达(1946)","未达"
"朱世贤(1946)","朱世贤"
"朱东润(1946)","朱东润"
"朱俊岐(1946)","朱俊岐"
"朱华(1946)","朱华"
"朱燮(1946)","朱燮"
"朱芸(1946)","朱芸"
"朱鸿儒(1946)","朱鸿儒"
"李伯球(1946)","李伯球"
"李何林(1946)","李何林"
"李侠文(1946)","李侠文"
"李公侠(1946)","李公侠"
"李公朴(1946)","李公朴"
"李公樸(1946)","李公樸"
"李凌飞(1946)","李凌飞"
"李列(1946)","李列"
"李善丰(1946)","李善丰"
"李奈(1946)","李奈"
"李如家(1946)","李如家"
"李式之(1946)","李式之"
"李志(1946)","李志"
"李惟丞(1946)","李惟丞"
"李敏(1946)","李敏"
"李杜(1946)","李杜"
"李济深(1946)","李济深"
"李源(1946)","李源"
"李漫(1946)","李漫"
"李澈庐(1946)","李澈庐"
"李章达(1946)","李章达"
"李苓(1946)","李苓"
"杜威(1946)","杜威"
"杜岩(1946)","杜岩"
"杜德(1946)","杜德"
"杜若(1946)","杜若"
"杨伯恺(1946)","杨伯恺"
"杨允元(1946)","杨允元"
"杨元(1946)","杨元"
"杨刚(1946)","杨刚"
"杨卫玉(1946)","杨卫玉"
"杨声远(1946)","杨声远"
"杨大成(1946)","杨大成"
"杨春福(1946)","杨春福"
"杨清河(1946)","杨清河"
"杨源(1946)","杨源"
"杨甯(1946)","杨甯"
"杨荣国(1946)","杨荣国"
"杨西孟(1946)","杨西孟"
"杨贵(1946)","杨贵"
"杨选堂(1946)","杨选堂"
"杭人(1946)","杭人"
"松平(1946)","松平"
"林乃(1946)","林乃"
"林亨元(1946)","林亨元"
"林敏(1946)","林敏"
"林白(1946)","林白"
"林红(1946)","林红"
"林荫青(1946)","林荫青"
"林赛(1946)","林赛"
"林辰(1946)","林辰"
"林达(1946)","林达"
"林雷(1946)","林雷"
"柏寒(1946)","柏寒"
"柏罗特(1946)","柏罗特"
"柳亚子(1946)","柳亚子"
"柳映光(1946)","柳映光"
"柳湜(1946)","柳湜"
"桂涛声(1946)","桂涛声"
"桓圭(1946)","桓圭"
"梁国冠(1946)","梁国冠"
"梁文元(1946)","梁文元"
"梁漱溟(1946)","梁漱溟"
"梁潄溟(1946)","梁潄溟"
"梁瓯第(1946)","梁瓯第"
"梁纯失(1946)","梁纯失"
"梅朵(1946)","梅朵"
"楚图南(1946)","楚图南"
"欧阳云珠(1946)","欧阳云珠"
"正光(1946)","正光"
"正非(1946)","正非"
"武思光(1946)","武思光"
"武文琴(1946)","武文琴"
"毕来(1946)","毕来"
"毛谦尹(1946)","毛谦尹"
"民盾(1946)","民盾"
"水石(1946)","水石"
"永平(1946)","永平"
"池莲(1946)","池莲"
"汪明海(1946)","汪明海"
"汪留照(1946)","汪留照"
"沈义(1946)","沈义"
"沈体兰(1946)","沈体兰"
"沈兹九(1946)","沈兹九"
"沈国璋(1946)","沈国璋"
"沈浮(1946)","沈浮"
"沈茂坊(1946)","沈茂坊"
"沙国(1946)","沙国"
"沙学浚(1946)","沙学浚"
"泗蒂(1946)","泗蒂"
"波痕(1946)","波痕"
"洗星海(1946)","洗星海"
"洛思(1946)","洛思"
"洛扬(1946)","洛扬"
"洛波(1946)","洛波"
"洪遒(1946)","洪遒"
"洪钟(1946)","洪钟"
"活火(1946)","活火"
"浚明(1946)","浚明"
"湘子(1946)","湘子"
"湘汀(1946)","湘汀"
"漓流(1946)","漓流"
"漫步(1946)","漫步"
"潘大远(1946)","潘大远"
"潜伏(1946)","潜伏"
"潮声(1946)","潮声"
"澄之(1946)","澄之"
"澄波(1946)","澄波"
"澹庐(1946)","澹庐"
"炤寰(1946)","炤寰"
"烛西(1946)","烛西"
"爱伦堡(1946)","爱伦堡"
"爱文斯(1946)","爱文斯"
"牧梓(1946)","牧梓"
"狄斯(1946)","狄斯"
"王亚平(1946)","王亚平"
"王以中(1946)","王以中"
"王任叔(1946)","王任叔"
"王伯祥(1946)","王伯祥"
"王健(1946)","王健"
"王兴(1946)","王兴"
"王原(1946)","王原"
"王坪(1946)","王坪"
"王少燕(1946)","王少燕"
"王崐生(1946)","王崐生"
"王念默(1946)","王念默"
"王慕酝(1946)","王慕酝"
"王榆(1946)","王榆"
"王次通(1946)","王次通"
"王琪(1946)","王琪"
"王璞(1946)","王璞"
"王祥(1946)","王祥"
"王立果(1946)","王立果"
"王芸生(1946)","王芸生"
"王觉源(1946)","王觉源"
"王还(1946)","王还"
"王青(1946)","王青"
"玻痕(1946)","玻痕"
"甘祠森(1946)","甘祠森"
"田永(1946)","田永"
"田直(1946)","田直"
"田苗(1946)","田苗"
"田莊(1946)","田莊"
"申由(1946)","申由"
"申芷(1946)","申芷"
"白惠生(1946)","白惠生"
"白玉纹(1946)","白玉纹"
"白苇(1946)","白苇"
"白苹(1946)","白苹"
"白薇(1946)","白薇"
"益智(1946)","益智"
"直言(1946)","直言"
"真民(1946)","真民"
"石夫(1946)","石夫"
"秉刚(1946)","秉刚"
"秦今(1946)","秦今"
"秦伶(1946)","秦伶"
"秦晓芳(1946)","秦晓芳"
"秦芳晓(1946)","秦芳晓"
"程婴(1946)","程婴"
"程造之(1946)","程造之"
"空了(1946)","空了"
"章士谷(1946)","章士谷"
"章廷(1946)","章廷"
"章英(1946)","章英"
"竹江(1946)","竹江"
"笑白(1946)","笑白"
"符唐祖(1946)","符唐祖"
"笪移今(1946)","笪移今"
"筱宾(1946)","筱宾"
"简贯三(1946)","简贯三"
"素风(1946)","素风"
"约翰·赫而塞(1946)","约翰·赫而塞"
"约翰、赫而塞(1946)","约翰、赫而塞"
"纪玄冰(1946)","纪玄冰"
"纯青(1946)","纯青"
"纲宙(1946)","纲宙"
"纳非(1946)","纳非"
"练钢(1946)","练钢"
"绍芬(1946)","绍芬"
"绍荃(1946)","绍荃"
"罗丹(1946)","罗丹"
"罗勃次(1946)","罗勃次"
"罗又玄(1946)","罗又玄"
"罗尔鲍伏(1946)","罗尔鲍伏"
"罗忠恕(1946)","罗忠恕"
"罗涵先(1946)","罗涵先"
"罗荪(1946)","罗荪"
"罗迪(1946)","罗迪"
"罗隆基(1946)","罗隆基"
"羣锋(1946)","羣锋"
"翟元(1946)","翟元"
"翦伯赞(1946)","翦伯赞"
"翰斯(1946)","翰斯"
"翼青(1946)","翼青"
"老辛(1946)","老辛"
"耿济之(1946)","耿济之"
"耿章(1946)","耿章"
"聂乃凡(1946)","聂乃凡"
"聂龙(1946)","聂龙"
"肖白(1946)","肖白"
"胡一奇(1946)","胡一奇"
"胡乾(1946)","胡乾"
"胡光(1946)","胡光"
"胡克(1946)","胡克"
"胡庆钧(1946)","胡庆钧"
"臧克家(1946)","臧克家"
"舒宜(1946)","舒宜"
"艾思奇(1946)","艾思奇"
"艾森(1946)","艾森"
"艾秋飙(1946)","艾秋飙"
"艾草(1946)","艾草"
"芝峰(1946)","芝峰"
"苏玲(1946)","苏玲"
"茂荪(1946)","茂荪"
"范华农(1946)","范华农"
"范樸齐(1946)","范樸齐"
"菲立浦·约但(1946)","菲立浦·约但"
"萧乾(1946)","萧乾"
"萧南(1946)","萧南"
"萧思明(1946)","萧思明"
"萨空了(1946)","萨空了"
"葛一虹(1946)","葛一虹"
"董伯干(1946)","董伯干"
"董致白(1946)","董致白"
"葭水(1946)","葭水"
"蒋万里(1946)","蒋万里"
"蒋克仁(1946)","蒋克仁"
"蒋烈(1946)","蒋烈"
"蒲青(1946)","蒲青"
"蔓夫(1946)","蔓夫"
"蔡仪(1946)","蔡仪"
"蔡兆雪(1946)","蔡兆雪"
"蔡磊(1946)","蔡磊"
"蔡维藩(1946)","蔡维藩"
"蕙芬(1946)","蕙芬"
"蕙芳(1946)","蕙芳"
"薛建才(1946)","薛建才"
"薛汕(1946)","薛汕"
"虞岫(1946)","虞岫"
"袁尘影(1946)","袁尘影"
"袁水拍(1946)","袁水拍"
"袁水柏(1946)","袁水柏"
"袁西华(1946)","袁西华"
"觉夫(1946)","觉夫"
"记者(1946)","记者"
"许伦(1946)","许伦"
"许君远(1946)","许君远"
"许寿真(1946)","许寿真"
"诸葛子明(1946)","诸葛子明"
"诺佛(1946)","诺佛"
"谛西(1946)","谛西"
"谢东平(1946)","谢东平"
"谢默衣(1946)","谢默衣"
"谭英侣(1946)","谭英侣"
"谷虹(1946)","谷虹"
"谷遗(1946)","谷遗"
"贝奋(1946)","贝奋"
"费尔德(1946)","费尔德"
"费正(1946)","费正"
"贺依(1946)","贺依"
"赛珍珠(1946)","赛珍珠"
"赵克文（Jordan，P.）(1946)","赵克文（Jordan，P.）"
"赵希文(1946)","赵希文"
"赵怀春(1946)","赵怀春"
"赵飞廉(1946)","赵飞廉"
"辛弟(1946)","辛弟"
"辛斤(1946)","辛斤"
"辛朴生(1946)","辛朴生"
"迈之(1946)","迈之"
"远流(1946)","远流"
"迺新(1946)","迺新"
"通人(1946)","通人"
"逸文(1946)","逸文"
"邑君(1946)","邑君"
"邓演达(1946)","邓演达"
"邱去耳(1946)","邱去耳"
"邵云涛(1946)","邵云涛"
"邵秉铨(1946)","邵秉铨"
"邵翰齐(1946)","邵翰齐"
"邹文海(1946)","邹文海"
"邹邵谟(1946)","邹邵谟"
"郁达夫(1946)","郁达夫"
"郑丹(1946)","郑丹"
"郑敬源(1946)","郑敬源"
"郑源(1946)","郑源"
"郭启蒙(1946)","郭启蒙"
"郭方仑(1946)","郭方仑"
"郭有守(1946)","郭有守"
"郭根(1946)","郭根"
"郭绍虞(1946)","郭绍虞"
"醒牛(1946)","醒牛"
"采石(1946)","采石"
"里西花(1946)","里西花"
"野蓬(1946)","野蓬"
"金人(1946)","金人"
"金大钧(1946)","金大钧"
"金斧(1946)","金斧"
"钟仲梅(1946)","钟仲梅"
"钟平(1946)","钟平"
"钟行(1946)","钟行"
"钱尤(1946)","钱尤"
"钱能欣(1946)","钱能欣"
"钱苹(1946)","钱苹"
"钱锺书(1946)","钱锺书"
"铁汉(1946)","铁汉"
"锡民(1946)","锡民"
"锦明(1946)","锦明"
"锺人羣(1946)","锺人羣"
"闻家驷(1946)","闻家驷"
"闻展民(1946)","闻展民"
"阎宝航(1946)","阎宝航"
"阜东(1946)","阜东"
"阮春芳(1946)","阮春芳"
"阳云(1946)","阳云"
"阳干(1946)","阳干"
"阳阡(1946)","阳阡"
"阿尔卡吉耶夫(1946)","阿尔卡吉耶夫"
"阿文(1946)","阿文"
"阿沙普(1946)","阿沙普"
"阿索普(1946)","阿索普"
"阿萍(1946)","阿萍"
"陆怀(1946)","陆怀"
"陆重甲(1946)","陆重甲"
"陆野农(1946)","陆野农"
"陆钦墀(1946)","陆钦墀"
"陈之迈(1946)","陈之迈"
"陈冬野(1946)","陈冬野"
"陈北鸥(1946)","陈北鸥"
"陈守实(1946)","陈守实"
"陈家康(1946)","陈家康"
"陈尔夀(1946)","陈尔夀"
"陈尔强(1946)","陈尔强"
"陈希贤(1946)","陈希贤"
"陈思鹰(1946)","陈思鹰"
"陈意(1946)","陈意"
"陈曦(1946)","陈曦"
"陈柏心(1946)","陈柏心"
"陈梅卿等(1946)","陈梅卿等"
"陈正非(1946)","陈正非"
"陈白尘(1946)","陈白尘"
"陈立复(1946)","陈立复"
"陈立夫(1946)","陈立夫"
"陈章甫(1946)","陈章甫"
"陈竺同(1946)","陈竺同"
"陈虞孙(1946)","陈虞孙"
"陈震中(1946)","陈震中"
"陟崔(1946)","陟崔"
"陶大镛(1946)","陶大镛"
"陶孟和(1946)","陶孟和"
"隐扬(1946)","隐扬"
"雇均正(1946)","雇均正"
"雪明(1946)","雪明"
"雷剑锋(1946)","雷剑锋"
"雷天鸣(1946)","雷天鸣"
"雷洁琼(1946)","雷洁琼"
"雷海宗(1946)","雷海宗"
"霞玲(1946)","霞玲"
"靑云(1946)","靑云"
"青之(1946)","青之"
"青山(1946)","青山"
"青水(1946)","青水"
"青萍(1946)","青萍"
"静之(1946)","静之"
"静宜(1946)","静宜"
"靳为霖(1946)","靳为霖"
"靳以(1946)","靳以"
"韦行余(1946)","韦行余"
"韩德培(1946)","韩德培"
"韩泽芳(1946)","韩泽芳"
"韩静(1946)","韩静"
"韬盦(1946)","韬盦"
"项念青(1946)","项念青"
"项藜(1946)","项藜"
"顾保之(1946)","顾保之"
"顾均正(1946)","顾均正"
"顾家樑(1946)","顾家樑"
"香汀(1946)","香汀"
"马丁(1946)","马丁"
"马博庵(1946)","马博庵"
"马敍伦(1946)","马敍伦"
"马碧莲(1946)","马碧莲"
"骆闻(1946)","骆闻"
"高言弘(1946)","高言弘"
"魏伯(1946)","魏伯"
"魏易诚(1946)","魏易诚"
"魏福康(1946)","魏福康"
"鲁亮(1946)","鲁亮"
"鲁山(1946)","鲁山"
"鲁逵(1946)","鲁逵"
"鲁风(1946)","鲁风"
"麦逸(1946)","麦逸"
"黄德馨(1946)","黄德馨"
"黄秋(1946)","黄秋"
"黄醒华(1946)","黄醒华"
"黄静(1946)","黄静"
"黎堡(1946)","黎堡"
"黎宾(1946)","黎宾"
"黎望(1946)","黎望"
"黎民子(1946)","黎民子"
"黎群(1946)","黎群"
"齐人(1946)","齐人"
"龙潜(1946)","龙潜"
"（德）马尔苦赛(1946)","（德）马尔苦赛"
"（意）Fenoaltea，S.(1946)","（意）Fenoaltea，S."
"（美）李普曼(1946)","（美）李普曼"
"（美）杰克·伦敦(1946)","（美）杰克·伦敦"
"（美）贝尔纳斯(1946)","（美）贝尔纳斯"
"（苏）密哈洛夫(1946)","（苏）密哈洛夫"
"（英）索莱(1946)","（英）索莱"
"石啸冲(1947)","石啸冲"
"黄炎培(1947)","黄炎培"
"还俗(1947)","还俗"
"潮声(1947)","潮声"
"张君劢(1947)","张君劢"
"王民(1947)","王民"
"白旭(1947)","白旭"
"余园(1947)","余园"
"王艮仲(1947)","王艮仲"
"江问渔(1947)","江问渔"
"费孝通(1947)","费孝通"
"王厚生(1947)","王厚生"
"金大均(1947)","金大均"
"卫玉(1947)","卫玉"
"吴世昌(1947)","吴世昌"
"文骊(1947)","文骊"
"申铭(1947)","申铭"
"储安平(1947)","储安平"
"程梯云(1947)","程梯云"
"抱一(1947)","抱一"
"方成(1947)","方成"
"黛英(1947)","黛英"
"王亚南(1947)","王亚南"
"光祖(1947)","光祖"
"吕克难(1947)","吕克难"
"旧风(1947)","旧风"
"李慕白(1947)","李慕白"
"毅生(1947)","毅生"
"紫云(1947)","紫云"
"黄撼石(1947)","黄撼石"
"周公南(1947)","周公南"
"方芳(1947)","方芳"
"林焕平(1947)","林焕平"
"梁漱溟(1947)","梁漱溟"
"程桯(1947)","程桯"
"米谷(1947)","米谷"
"丕谷(1947)","丕谷"
"中南(1947)","中南"
"容方(1947)","容方"
"张文元(1947)","张文元"
"李桦(1947)","李桦"
"毛以亨(1947)","毛以亨"
"穆企(1947)","穆企"
"罗梦册(1947)","罗梦册"
"赵志华(1947)","赵志华"
"张东荪(1947)","张东荪"
"扬庶威(1947)","扬庶威"
"朱哈娜(1947)","朱哈娜"
"楼邦彦(1947)","楼邦彦"
"补斋(1947)","补斋"
"陆诒(1947)","陆诒"
"陈涛(1947)","陈涛"
"陈衡哲(1947)","陈衡哲"
"张霞飞(1947)","张霞飞"
"悲华(1947)","悲华"
"梁子奇(1947)","梁子奇"
"沈定一(1947)","沈定一"
"顾佩之(1947)","顾佩之"
"M.H.(1947)","M.H."
"吴荷景(1947)","吴荷景"
"宋宝山(1947)","宋宝山"
"小鱼(1947)","小鱼"
"尼龙(1947)","尼龙"
"方__(1947)","方__"
"曾昭抡(1947)","曾昭抡"
"朱树锦(1947)","朱树锦"
"浦熙修(1947)","浦熙修"
"石东(1947)","石东"
"石仲子(1947)","石仲子"
"胡先驌(1947)","胡先驌"
"胡笛(1947)","胡笛"
"费正(1947)","费正"
"陈明(1947)","陈明"
"何肫林(1947)","何肫林"
"司马天籁(1947)","司马天籁"
"吴恩裕(1947)","吴恩裕"
"宦乡(1947)","宦乡"
"戴文赛(1947)","戴文赛"
"扬义旗(1947)","扬义旗"
"斐多菲(1947)","斐多菲"
"施复亮(1947)","施复亮"
"日辰(1947)","日辰"
"杨刚(1947)","杨刚"
"杨戎(1947)","杨戎"
"林海(1947)","林海"
"樊弘(1947)","樊弘"
"潘光旦(1947)","潘光旦"
"潘光祖(1947)","潘光祖"
"蔡尚思(1947)","蔡尚思"
"赵心梅(1947)","赵心梅"
"逸之(1947)","逸之"
"鑑空(1947)","鑑空"
"陆养浩(1947)","陆养浩"
"陈梅卿(1947)","陈梅卿"
"静观(1947)","静观"
"鹤如(1947)","鹤如"
"黄药眠(1947)","黄药眠"
"云彬(1947)","云彬"
"人之初(1947)","人之初"
"伍丹戈(1947)","伍丹戈"
"凌华(1947)","凌华"
"华罗庚(1947)","华罗庚"
"华莱士(1947)","华莱士"
"叶苗(1947)","叶苗"
"商翼(1947)","商翼"
"土人(1947)","土人"
"夏史(1947)","夏史"
"姚志英(1947)","姚志英"
"子敬(1947)","子敬"
"孙亚夫(1947)","孙亚夫"
"季羡林(1947)","季羡林"
"平凡(1947)","平凡"
"张演(1947)","张演"
"戴镏龄(1947)","戴镏龄"
"文琪(1947)","文琪"
"方显廷(1947)","方显廷"
"方登朋(1947)","方登朋"
"晓笛(1947)","晓笛"
"晦庵(1947)","晦庵"
"杨西孟(1947)","杨西孟"
"林维仁(1947)","林维仁"
"欧阳长虹(1947)","欧阳长虹"
"江流(1947)","江流"
"洪荒(1947)","洪荒"
"王任重(1947)","王任重"
"盾戈(1947)","盾戈"
"碧遥(1947)","碧遥"
"老马(1947)","老马"
"苏新(1947)","苏新"
"萧遥(1947)","萧遥"
"辛扬火(1947)","辛扬火"
"邓初民(1947)","邓初民"
"金颖(1947)","金颖"
"鉴空(1947)","鉴空"
"钱端升(1947)","钱端升"
"陈汉(1947)","陈汉"
"陈行健(1947)","陈行健"
"霍然(1947)","霍然"
"韩德培(1947)","韩德培"
"顾秉之(1947)","顾秉之"
"黄非(1947)","黄非"
"Kingdom，F.(1947)","Kingdom，F."
"Shih，H.P.F.(1947)","Shih，H.P.F."
"W._B._Yeats(1947)","W._B._Yeats"
"丁洪範(1947)","丁洪範"
"万武(1947)","万武"
"严仁赓(1947)","严仁赓"
"乔木(1947)","乔木"
"于人(1947)","于人"
"于冰(1947)","于冰"
"任鸿隽(1947)","任鸿隽"
"伍藻池(1947)","伍藻池"
"何永佶(1947)","何永佶"
"佚名(1947)","佚名"
"凤子(1947)","凤子"
"刘迺诚(1947)","刘迺诚"
"华山(1947)","华山"
"史超礼(1947)","史超礼"
"司马怀冰(1947)","司马怀冰"
"吴清友(1947)","吴清友"
"周东郊(1947)","周东郊"
"周伯棣(1947)","周伯棣"
"周绶章(1947)","周绶章"
"唐思礼(1947)","唐思礼"
"夏奈蒂(1947)","夏奈蒂"
"孔瑞明(1947)","孔瑞明"
"安平(1947)","安平"
"尹其文(1947)","尹其文"
"廖树涵(1947)","廖树涵"
"张帆(1947)","张帆"
"张述祖(1947)","张述祖"
"晨曦(1947)","晨曦"
"朱亦松(1947)","朱亦松"
"朱自清(1947)","朱自清"
"李伯球(1947)","李伯球"
"李白凤(1947)","李白凤"
"李继耳(1947)","李继耳"
"李维林(1947)","李维林"
"杜渐(1947)","杜渐"
"杨人楩(1947)","杨人楩"
"杨震羽(1947)","杨震羽"
"林其民(1947)","林其民"
"林如稷(1947)","林如稷"
"林木(1947)","林木"
"林沧白(1947)","林沧白"
"林郁(1947)","林郁"
"柏舟(1947)","柏舟"
"汤德明(1947)","汤德明"
"沈志远(1947)","沈志远"
"沈正仑(1947)","沈正仑"
"流水(1947)","流水"
"潘孑农(1947)","潘孑农"
"王迅雷(1947)","王迅雷"
"王遵明(1947)","王遵明"
"田汝康(1947)","田汝康"
"白薇(1947)","白薇"
"笪移今(1947)","笪移今"
"筠友(1947)","筠友"
"老百姓(1947)","老百姓"
"胡先骕(1947)","胡先骕"
"胡适(1947)","胡适"
"臧克家(1947)","臧克家"
"茅盾(1947)","茅盾"
"蔡壬侯(1947)","蔡壬侯"
"觉天(1947)","觉天"
"赵镇乾(1947)","赵镇乾"
"辛莘(1947)","辛莘"
"郑道传(1947)","郑道传"
"金克木(1947)","金克木"
"钱光宙(1947)","钱光宙"
"钱锺书(1947)","钱锺书"
"问渔(1947)","问渔"
"闵军(1947)","闵军"
"阿明(1947)","阿明"
"阿礼(1947)","阿礼"
"陈士华(1947)","陈士华"
"陶孟和(1947)","陶孟和"
"马叙伦(1947)","马叙伦"
"马寅初(1947)","马寅初"
"高潮(1947)","高潮"
"Briggs，W.(1947)","Briggs，W."
"Kaim，J.R.(1947)","Kaim，J.R."
"Lewis，A.(1947)","Lewis，A."
"Martin，R.P.(1947)","Martin，R.P."
"Nathaniel_Peffer(1947)","Nathaniel_Peffer"
"Tsao，F.L.(1947)","Tsao，F.L."
"Zee，W.S.(1947)","Zee，W.S."
"丁果(1947)","丁果"
"丁芸(1947)","丁芸"
"与稷(1947)","与稷"
"任俶傥(1947)","任俶傥"
"伊里斯(1947)","伊里斯"
"伍啓元(1947)","伍啓元"
"伍宪子(1947)","伍宪子"
"伍山(1947)","伍山"
"伯奇(1947)","伯奇"
"伯珩(1947)","伯珩"
"何慧英(1947)","何慧英"
"余才友(1947)","余才友"
"信义(1947)","信义"
"傅亮(1947)","傅亮"
"兰枻(1947)","兰枻"
"关怀(1947)","关怀"
"冬耕(1947)","冬耕"
"冯亦代(1947)","冯亦代"
"冯契(1947)","冯契"
"刃锋(1947)","刃锋"
"千家驹(1947)","千家驹"
"卫挺生(1947)","卫挺生"
"史特朗(1947)","史特朗"
"史靖(1947)","史靖"
"向日(1947)","向日"
"向晓(1947)","向晓"
"吕荧(1947)","吕荧"
"吴元黎(1947)","吴元黎"
"吴晗(1947)","吴晗"
"吴靓云(1947)","吴靓云"
"周子亚(1947)","周子亚"
"周建人(1947)","周建人"
"周炳琳(1947)","周炳琳"
"周谷城(1947)","周谷城"
"夏炎德(1947)","夏炎德"
"奚家立(1947)","奚家立"
"姜庆湘(1947)","姜庆湘"
"娄立斋(1947)","娄立斋"
"孙克宽(1947)","孙克宽"
"孙殿伟(1947)","孙殿伟"
"宋宝尊(1947)","宋宝尊"
"寒山(1947)","寒山"
"尹行六(1947)","尹行六"
"幼翀(1947)","幼翀"
"张传宗(1947)","张传宗"
"张啸虎(1947)","张啸虎"
"张国懋(1947)","张国懋"
"张国昌(1947)","张国昌"
"张国生(1947)","张国生"
"张文(1947)","张文"
"张永久(1947)","张永久"
"张远清(1947)","张远清"
"张铁生(1947)","张铁生"
"徐源浩(1947)","徐源浩"
"徐述纶(1947)","徐述纶"
"慕容苗(1947)","慕容苗"
"所亚(1947)","所亚"
"拉斯基(1947)","拉斯基"
"文觉(1947)","文觉"
"文骥(1947)","文骥"
"斯鸣(1947)","斯鸣"
"方竹平(1947)","方竹平"
"方艾(1947)","方艾"
"曹永辉(1947)","曹永辉"
"朱偰(1947)","朱偰"
"朱哈哪(1947)","朱哈哪"
"李健吾(1947)","李健吾"
"李普曼(1947)","李普曼"
"李正文(1947)","李正文"
"杨义旗(1947)","杨义旗"
"杨可扬(1947)","杨可扬"
"杨晦(1947)","杨晦"
"杨荫溥(1947)","杨荫溥"
"林布(1947)","林布"
"林朋(1947)","林朋"
"柳逢仙(1947)","柳逢仙"
"梁秋水(1947)","梁秋水"
"梁纯夫(1947)","梁纯夫"
"楚图南(1947)","楚图南"
"欧阳显悦(1947)","欧阳显悦"
"武明嘉(1947)","武明嘉"
"沈立钧(1947)","沈立钧"
"沈鹤如(1947)","沈鹤如"
"洪步蟾(1947)","洪步蟾"
"浩泓(1947)","浩泓"
"漆琪生(1947)","漆琪生"
"潘亢三(1947)","潘亢三"
"潘公展(1947)","潘公展"
"潘子平(1947)","潘子平"
"火凤(1947)","火凤"
"王寄篱(1947)","王寄篱"
"王新命(1947)","王新命"
"王琦(1947)","王琦"
"王芸生(1947)","王芸生"
"王铁崖(1947)","王铁崖"
"田涛(1947)","田涛"
"白坚石(1947)","白坚石"
"白银根(1947)","白银根"
"瞿康祖(1947)","瞿康祖"
"穆歌(1947)","穆歌"
"空了(1947)","空了"
"简贯三(1947)","简贯三"
"约翰根室(1947)","约翰根室"
"纯青(1947)","纯青"
"编者(1947)","编者"
"罗多夫(1947)","罗多夫"
"罗蒙(1947)","罗蒙"
"胡竟良(1947)","胡竟良"
"苏渊雷(1947)","苏渊雷"
"范仲(1947)","范仲"
"莘薇(1947)","莘薇"
"萧公权(1947)","萧公权"
"萨哈林(1947)","萨哈林"
"董化之(1947)","董化之"
"讷维(1947)","讷维"
"许广平(1947)","许广平"
"许柏(1947)","许柏"
"诸葛孑明(1947)","诸葛孑明"
"谢斐然(1947)","谢斐然"
"费雯(1947)","费雯"
"贺昌羣(1947)","贺昌羣"
"赵延年(1947)","赵延年"
"赵涵(1947)","赵涵"
"邓嗣禹(1947)","邓嗣禹"
"邵秉铨(1947)","邵秉铨"
"邹云涛(1947)","邹云涛"
"郑林莊(1947)","郑林莊"
"郭大力(1947)","郭大力"
"郭森麒(1947)","郭森麒"
"郭沫若(1947)","郭沫若"
"金榖穗(1947)","金榖穗"
"钱公武(1947)","钱公武"
"钱实甫(1947)","钱实甫"
"钱毅(1947)","钱毅"
"钱能欣(1947)","钱能欣"
"陆鳞勋(1947)","陆鳞勋"
"陆麟勋(1947)","陆麟勋"
"陈仲期(1947)","陈仲期"
"陈力(1947)","陈力"
"陈善基(1947)","陈善基"
"陈彤鍪(1947)","陈彤鍪"
"陈微子(1947)","陈微子"
"陈振汉(1947)","陈振汉"
"陈旭麓(1947)","陈旭麓"
"陈时臬(1947)","陈时臬"
"陈纳(1947)","陈纳"
"陈荣纬(1947)","陈荣纬"
"陈达(1947)","陈达"
"陈际云(1947)","陈际云"
"陶大镛(1947)","陶大镛"
"霍焰(1947)","霍焰"
"马义(1947)","马义"
"马凡陀(1947)","马凡陀"
"高歌(1947)","高歌"
"鲍威尔(1947)","鲍威尔"
"麦祥(1947)","麦祥"
"黄一裳(1947)","黄一裳"
"黄墅(1947)","黄墅"
"默沙(1947)","默沙"
"龙子(1947)","龙子"
"（美）康麦格(1947)","（美）康麦格"
"Baldwin，R.N.(1947)","Baldwin，R.N."
"Barkley，A.W.(1947)","Barkley，A.W."
"Chapman，C.(1947)","Chapman，C."
"Conde，D.(1947)","Conde，D."
"Daniell，R.(1947)","Daniell，R."
"Deane，H.(1947)","Deane，H."
"Dodds，H.W.(1947)","Dodds，H.W."
"Donald_Morrow(1947)","Donald_Morrow"
"Dymshitz，I.(1947)","Dymshitz，I."
"Falconer，D.B.(1947)","Falconer，D.B."
"Hall，A.(1947)","Hall，A."
"Huxley.J(1947)","Huxley.J"
"Jcres，G.E.(1947)","Jcres，G.E."
"Jinseng，L.(1947)","Jinseng，L."
"K.T.(1947)","K.T."
"Kingdon，F.(1947)","Kingdon，F."
"Kroll，J.(1947)","Kroll，J."
"L.C(1947)","L.C"
"Lee，F.(1947)","Lee，F."
"Leo_Rissin(1947)","Leo_Rissin"
"Ling，F.(1947)","Ling，F."
"Loftus，J.(1947)","Loftus，J."
"M.P(1947)","M.P"
"MURPHY.M.E(1947)","MURPHY.M.E"
"Martin，J.S.(1947)","Martin，J.S."
"Masses，M.(1947)","Masses，M."
"Meng，C.Y.W.(1947)","Meng，C.Y.W."
"Mond，R.D.(1947)","Mond，R.D."
"M·H(1947)","M·H"
"Nover(1947)","Nover"
"Peffer，N.(1947)","Peffer，N."
"Powell.J.W.(1947)","Powell.J.W."
"Rand，C.(1947)","Rand，C."
"Renner.K(1947)","Renner.K"
"Rissin，L.(1947)","Rissin，L."
"Sa(1947)","Sa"
"Salisbury，H.E.(1947)","Salisbury，H.E."
"Salisbvry，H.E.(1947)","Salisbvry，H.E."
"Schumpeter，T.A.(1947)","Schumpeter，T.A."
"Shah，H.(1947)","Shah，H."
"Shaw.G.B.(1947)","Shaw.G.B."
"Shaw，S.(1947)","Shaw，S."
"Sheng，C.F.(1947)","Sheng，C.F."
"Siegfried，A.(1947)","Siegfried，A."
"Stewart，M.S.(1947)","Stewart，M.S."
"Suizbfrgetr，C.L.(1947)","Suizbfrgetr，C.L."
"TG(1947)","TG"
"Tawney.R.H.(1947)","Tawney.R.H."
"Theophrastus(1947)","Theophrastus"
"Thomas_Carlyle(1947)","Thomas_Carlyle"
"Tsao，H.L.(1947)","Tsao，H.L."
"WS(1947)","WS"
"William_Blake(1947)","William_Blake"
"Y.S.W(1947)","Y.S.W"
"Yegorov，P.(1947)","Yegorov，P."
"Young，J.(1947)","Young，J."
"Zuns，P.J.(1947)","Zuns，P.J."
"一农(1947)","一农"
"一清(1947)","一清"
"一苇(1947)","一苇"
"一荣(1947)","一荣"
"一萍(1947)","一萍"
"丁易(1947)","丁易"
"丁驌(1947)","丁驌"
"万光(1947)","万光"
"万守义(1947)","万守义"
"万家保(1947)","万家保"
"万锺民(1947)","万锺民"
"上官北斗(1947)","上官北斗"
"上苑(1947)","上苑"
"不移(1947)","不移"
"不雅诗人(1947)","不雅诗人"
"严兴之(1947)","严兴之"
"严凌(1947)","严凌"
"严敬舆(1947)","严敬舆"
"严林松(1947)","严林松"
"严若傑(1947)","严若傑"
"为民(1947)","为民"
"习之(1947)","习之"
"于夫(1947)","于夫"
"于鹤年(1947)","于鹤年"
"云舫(1947)","云舫"
"云虹(1947)","云虹"
"交大鸣社(1947)","交大鸣社"
"仁沛(1947)","仁沛"
"仇肇曾(1947)","仇肇曾"
"仞夐(1947)","仞夐"
"令狐(1947)","令狐"
"以群(1947)","以群"
"任九皋(1947)","任九皋"
"任叔永（鸿隽）(1947)","任叔永（鸿隽）"
"任可忠(1947)","任可忠"
"任钧(1947)","任钧"
"任雄(1947)","任雄"
"伊布拉因·阿尔敏沙林(1947)","伊布拉因·阿尔敏沙林"
"伍眞(1947)","伍眞"
"伟夫(1947)","伟夫"
"伟晨(1947)","伟晨"
"伯识(1947)","伯识"
"伯迦(1947)","伯迦"
"但尼(1947)","但尼"
"佐文(1947)","佐文"
"何兆坤(1947)","何兆坤"
"何光楣(1947)","何光楣"
"何公敢(1947)","何公敢"
"何其(1947)","何其"
"何凝(1947)","何凝"
"何华(1947)","何华"
"何奇(1947)","何奇"
"何幸之(1947)","何幸之"
"何彭(1947)","何彭"
"何时(1947)","何时"
"何清云(1947)","何清云"
"何经沛(1947)","何经沛"
"何若钧(1947)","何若钧"
"何蕴冰(1947)","何蕴冰"
"何达(1947)","何达"
"余为群(1947)","余为群"
"余信华(1947)","余信华"
"余克信(1947)","余克信"
"余初侨(1947)","余初侨"
"余孟如(1947)","余孟如"
"余所亚(1947)","余所亚"
"余景文(1947)","余景文"
"余纪泽(1947)","余纪泽"
"余长甲(1947)","余长甲"
"侯朗如(1947)","侯朗如"
"侯绍章(1947)","侯绍章"
"保生(1947)","保生"
"俞仲(1947)","俞仲"
"俞大栋(1947)","俞大栋"
"俞寰澄(1947)","俞寰澄"
"俞平伯(1947)","俞平伯"
"俞庆棠(1947)","俞庆棠"
"俞颂华(1947)","俞颂华"
"倪正和(1947)","倪正和"
"傅传经(1947)","傅传经"
"傅奇(1947)","傅奇"
"傅孟真(1947)","傅孟真"
"傅斯年(1947)","傅斯年"
"傅省三(1947)","傅省三"
"傅统先(1947)","傅统先"
"傅菊人(1947)","傅菊人"
"傅雷(1947)","傅雷"
"储伟(1947)","储伟"
"元方(1947)","元方"
"元白(1947)","元白"
"全慰天(1947)","全慰天"
"公诚(1947)","公诚"
"关外月(1947)","关外月"
"关夫(1947)","关夫"
"冯大麟(1947)","冯大麟"
"冯明源(1947)","冯明源"
"冯明章(1947)","冯明章"
"冯达生(1947)","冯达生"
"冰波(1947)","冰波"
"冶秋(1947)","冶秋"
"冷御秋(1947)","冷御秋"
"冷火(1947)","冷火"
"凌卓(1947)","凌卓"
"凡影(1947)","凡影"
"刘不同(1947)","刘不同"
"刘世英(1947)","刘世英"
"刘乃诚(1947)","刘乃诚"
"刘义(1947)","刘义"
"刘书春(1947)","刘书春"
"刘云舫(1947)","刘云舫"
"刘任民(1947)","刘任民"
"刘勉(1947)","刘勉"
"刘圣培(1947)","刘圣培"
"刘庸孙(1947)","刘庸孙"
"刘建绪(1947)","刘建绪"
"刘德生(1947)","刘德生"
"刘恒励(1947)","刘恒励"
"刘斐荪(1947)","刘斐荪"
"刘朝阳(1947)","刘朝阳"
"刘澄(1947)","刘澄"
"刘盛亚(1947)","刘盛亚"
"刘禹轩(1947)","刘禹轩"
"刘英臣(1947)","刘英臣"
"刘超武(1947)","刘超武"
"北方(1947)","北方"
"华尔嘉(1947)","华尔嘉"
"单子明(1947)","单子明"
"南星(1947)","南星"
"卫韧(1947)","卫韧"
"卿麐诗(1947)","卿麐诗"
"厚生(1947)","厚生"
"叙伦(1947)","叙伦"
"古传贤(1947)","古传贤"
"史丹(1947)","史丹"
"史明哲(1947)","史明哲"
"史立常(1947)","史立常"
"史良(1947)","史良"
"史迪瓦特(1947)","史迪瓦特"
"史镜涵(1947)","史镜涵"
"叶圣陶(1947)","叶圣陶"
"叶毅(1947)","叶毅"
"叶耳肖夫(1947)","叶耳肖夫"
"叶辛(1947)","叶辛"
"司马(1947)","司马"
"吉人(1947)","吉人"
"吉绍三(1947)","吉绍三"
"向板(1947)","向板"
"吕平(1947)","吕平"
"吕拙文(1947)","吕拙文"
"吕瑛(1947)","吕瑛"
"吕辰辉(1947)","吕辰辉"
"君君(1947)","君君"
"吴××(1947)","吴××"
"吴中平(1947)","吴中平"
"吴之椿(1947)","吴之椿"
"吴传道(1947)","吴传道"
"吴伧(1947)","吴伧"
"吴子(1947)","吴子"
"吴宝生(1947)","吴宝生"
"吴家滨(1947)","吴家滨"
"吴希白(1947)","吴希白"
"吴承禧(1947)","吴承禧"
"吴显齐(1947)","吴显齐"
"吴景超(1947)","吴景超"
"吴求是(1947)","吴求是"
"吴缶(1947)","吴缶"
"吴耀宗(1947)","吴耀宗"
"周一志(1947)","周一志"
"周华(1947)","周华"
"周叔厚(1947)","周叔厚"
"周叔谦(1947)","周叔谦"
"周天行(1947)","周天行"
"周文鳞(1947)","周文鳞"
"周文麟(1947)","周文麟"
"周明养(1947)","周明养"
"周树声(1947)","周树声"
"周继光(1947)","周继光"
"周继善(1947)","周继善"
"周聪章(1947)","周聪章"
"周至诚(1947)","周至诚"
"周锺岐(1947)","周锺岐"
"周问天(1947)","周问天"
"周顗(1947)","周顗"
"周鸿道(1947)","周鸿道"
"咏硕(1947)","咏硕"
"唐宏达(1947)","唐宏达"
"唐明远(1947)","唐明远"
"嘉文(1947)","嘉文"
"士宏(1947)","士宏"
"夏康农(1947)","夏康农"
"夏文炳(1947)","夏文炳"
"夏晴(1947)","夏晴"
"夏楚(1947)","夏楚"
"夏诚希(1947)","夏诚希"
"大荣(1947)","大荣"
"天籁(1947)","天籁"
"失名(1947)","失名"
"奇英(1947)","奇英"
"契之(1947)","契之"
"姚士彦(1947)","姚士彦"
"姚海峰(1947)","姚海峰"
"姚澄波(1947)","姚澄波"
"姜爲致(1947)","姜爲致"
"娄水芹(1947)","娄水芹"
"子欣(1947)","子欣"
"子薯(1947)","子薯"
"孔用济(1947)","孔用济"
"孙文晋(1947)","孙文晋"
"孙晓村(1947)","孙晓村"
"孙永澂(1947)","孙永澂"
"孙起孟(1947)","孙起孟"
"孙进明(1947)","孙进明"
"孝通(1947)","孝通"
"孟东邻(1947)","孟东邻"
"孟宪章(1947)","孟宪章"
"孟庆渊(1947)","孟庆渊"
"孟昭英(1947)","孟昭英"
"孟秋蝉(1947)","孟秋蝉"
"孟紫明(1947)","孟紫明"
"孤流(1947)","孤流"
"学文(1947)","学文"
"学昌(1947)","学昌"
"安娥(1947)","安娥"
"安格尔(1947)","安格尔"
"宋保尊(1947)","宋保尊"
"宋梦梅(1947)","宋梦梅"
"宋次男(1947)","宋次男"
"宗文(1947)","宗文"
"宗汝成(1947)","宗汝成"
"宗白华(1947)","宗白华"
"宣相权(1947)","宣相权"
"寰澄(1947)","寰澄"
"寿进文(1947)","寿进文"
"小林(1947)","小林"
"小燄(1947)","小燄"
"小诃(1947)","小诃"
"尖兵(1947)","尖兵"
"尹捷(1947)","尹捷"
"尹放(1947)","尹放"
"屏藩(1947)","屏藩"
"岳光(1947)","岳光"
"崔书琴(1947)","崔书琴"
"崔敬伯(1947)","崔敬伯"
"嶽云(1947)","嶽云"
"巴奈·拿乌耳（Nover，B.）(1947)","巴奈·拿乌耳（Nover，B.）"
"巴奈·那维尔（Movorr，B.）(1947)","巴奈·那维尔（Movorr，B.）"
"巴客(1947)","巴客"
"希元(1947)","希元"
"席人(1947)","席人"
"席纳(1947)","席纳"
"庆德苇(1947)","庆德苇"
"庐芷(1947)","庐芷"
"廖哲煌(1947)","廖哲煌"
"廖竞存(1947)","廖竞存"
"廷光(1947)","廷光"
"建庵(1947)","建庵"
"张一文(1947)","张一文"
"张世禄(1947)","张世禄"
"张东前(1947)","张东前"
"张义(1947)","张义"
"张义昌(1947)","张义昌"
"张云横(1947)","张云横"
"张以虚(1947)","张以虚"
"张佛森(1947)","张佛森"
"张允中(1947)","张允中"
"张光铨(1947)","张光铨"
"张包增元(1947)","张包增元"
"张卓然(1947)","张卓然"
"张友(1947)","张友"
"张叶(1947)","张叶"
"张国超(1947)","张国超"
"张培刚(1947)","张培刚"
"张大伦(1947)","张大伦"
"张寗远(1947)","张寗远"
"张庸(1947)","张庸"
"张强立(1947)","张强立"
"张志和(1947)","张志和"
"张愚山(1947)","张愚山"
"张方集(1947)","张方集"
"张旭初(1947)","张旭初"
"张明养(1947)","张明养"
"张明德(1947)","张明德"
"张明琴(1947)","张明琴"
"张映南(1947)","张映南"
"张曼筠(1947)","张曼筠"
"张本(1947)","张本"
"张正邦(1947)","张正邦"
"张汉清(1947)","张汉清"
"张沅长(1947)","张沅长"
"张澜(1947)","张澜"
"张籍(1947)","张籍"
"张絅伯(1947)","张絅伯"
"张绍先(1947)","张绍先"
"张继勋(1947)","张继勋"
"张耀武(1947)","张耀武"
"张西超(1947)","张西超"
"张道清(1947)","张道清"
"张道真(1947)","张道真"
"张锐(1947)","张锐"
"张雪澄(1947)","张雪澄"
"张雪非(1947)","张雪非"
"张高峰(1947)","张高峰"
"彭克昔(1947)","彭克昔"
"彭泽民(1947)","彭泽民"
"彭翰(1947)","彭翰"
"徐中玉(1947)","徐中玉"
"徐仁道(1947)","徐仁道"
"徐偶若(1947)","徐偶若"
"徐傅霖(1947)","徐傅霖"
"徐季明(1947)","徐季明"
"徐敬(1947)","徐敬"
"徐朴敬(1947)","徐朴敬"
"徐毓枬(1947)","徐毓枬"
"徐行(1947)","徐行"
"德明(1947)","德明"
"志伊(1947)","志伊"
"怀霜(1947)","怀霜"
"怒涛(1947)","怒涛"
"思慕(1947)","思慕"
"思粤(1947)","思粤"
"思蓝(1947)","思蓝"
"怡波(1947)","怡波"
"悲厂(1947)","悲厂"
"悲声(1947)","悲声"
"戒庵(1947)","戒庵"
"戚可诹(1947)","戚可诹"
"戚殿萱(1947)","戚殿萱"
"扬可扬(1947)","扬可扬"
"拉铁摩尔(1947)","拉铁摩尔"
"援静(1947)","援静"
"放翁句(1947)","放翁句"
"敢为(1947)","敢为"
"文丑(1947)","文丑"
"文元(1947)","文元"
"文弼成(1947)","文弼成"
"文秀村(1947)","文秀村"
"文继武(1947)","文继武"
"新生(1947)","新生"
"方东旭(1947)","方东旭"
"方兰汝(1947)","方兰汝"
"方向之(1947)","方向之"
"方建民(1947)","方建民"
"方林僊(1947)","方林僊"
"方治平(1947)","方治平"
"方瑛(1947)","方瑛"
"方秋苇(1947)","方秋苇"
"方稜(1947)","方稜"
"方苞(1947)","方苞"
"方锦(1947)","方锦"
"施克(1947)","施克"
"施安娜(1947)","施安娜"
"施若霖(1947)","施若霖"
"无垢(1947)","无垢"
"时昭瀞(1947)","时昭瀞"
"时风(1947)","时风"
"明伦(1947)","明伦"
"易文(1947)","易文"
"易明(1947)","易明"
"星五(1947)","星五"
"曦诒(1947)","曦诒"
"更生(1947)","更生"
"曹文羣(1947)","曹文羣"
"曹燮明(1947)","曹燮明"
"曹立名(1947)","曹立名"
"曼容(1947)","曼容"
"曾乾(1947)","曾乾"
"曾景初(1947)","曾景初"
"曾炳钧(1947)","曾炳钧"
"曾进(1947)","曾进"
"望月(1947)","望月"
"未名(1947)","未名"
"朱凤鸣(1947)","朱凤鸣"
"朱启平(1947)","朱启平"
"朱咏沂(1947)","朱咏沂"
"朱喜庆(1947)","朱喜庆"
"朱声绂(1947)","朱声绂"
"朱天心(1947)","朱天心"
"朱守一(1947)","朱守一"
"朱斯煌(1947)","朱斯煌"
"朱本源(1947)","朱本源"
"朱洁夫(1947)","朱洁夫"
"朱碧波(1947)","朱碧波"
"朱福建(1947)","朱福建"
"朱綘(1947)","朱綘"
"朱绛(1947)","朱绛"
"朱鸣冈(1947)","朱鸣冈"
"李一荣(1947)","李一荣"
"李一雯(1947)","李一雯"
"李之显(1947)","李之显"
"李仁柳(1947)","李仁柳"
"李伯森(1947)","李伯森"
"李俊谟(1947)","李俊谟"
"李克佐(1947)","李克佐"
"李剑华(1947)","李剑华"
"李定中(1947)","李定中"
"李巖(1947)","李巖"
"李幕白(1947)","李幕白"
"李广田(1947)","李广田"
"李康民(1947)","李康民"
"李微尘(1947)","李微尘"
"李怀仁(1947)","李怀仁"
"李恭宇(1947)","李恭宇"
"李惠林(1947)","李惠林"
"李慕曰(1947)","李慕曰"
"李振周(1947)","李振周"
"李文奎(1947)","李文奎"
"李文平(1947)","李文平"
"李昂季叶夫(1947)","李昂季叶夫"
"李显承(1947)","李显承"
"李晓岚(1947)","李晓岚"
"李木子(1947)","李木子"
"李殷民(1947)","李殷民"
"李济深(1947)","李济深"
"李浩培(1947)","李浩培"
"李澈庐(1947)","李澈庐"
"李烛尘(1947)","李烛尘"
"李理黄(1947)","李理黄"
"李瑜(1947)","李瑜"
"李瑶(1947)","李瑶"
"李璜(1947)","李璜"
"李盛(1947)","李盛"
"李紫翔(1947)","李紫翔"
"李纯青(1947)","李纯青"
"李铁民(1947)","李铁民"
"李韵斯(1947)","李韵斯"
"杜明(1947)","杜明"
"杞人(1947)","杞人"
"杨不平(1947)","杨不平"
"杨伯常(1947)","杨伯常"
"杨作英(1947)","杨作英"
"杨光时(1947)","杨光时"
"杨六章(1947)","杨六章"
"杨卫玉(1947)","杨卫玉"
"杨同芳(1947)","杨同芳"
"杨奚水(1947)","杨奚水"
"杨庆堃(1947)","杨庆堃"
"杨弘(1947)","杨弘"
"杨惠康(1947)","杨惠康"
"杨时雨(1947)","杨时雨"
"杨明洁(1947)","杨明洁"
"杨深(1947)","杨深"
"杨绛(1947)","杨绛"
"杨羽震(1947)","杨羽震"
"杨育才(1947)","杨育才"
"杨采夫(1947)","杨采夫"
"林丽(1947)","林丽"
"林之英(1947)","林之英"
"林冬(1947)","林冬"
"林国健(1947)","林国健"
"林子木(1947)","林子木"
"林安鹏(1947)","林安鹏"
"林峰(1947)","林峰"
"林枫(1947)","林枫"
"林楚(1947)","林楚"
"林菁(1947)","林菁"
"林达(1947)","林达"
"林迈可(1947)","林迈可"
"柳亚子(1947)","柳亚子"
"树之(1947)","树之"
"栗寄沧(1947)","栗寄沧"
"根室(1947)","根室"
"梁华仪(1947)","梁华仪"
"梁实秋(1947)","梁实秋"
"梁潄溟(1947)","梁潄溟"
"梁马(1947)","梁马"
"梅友仁(1947)","梅友仁"
"梅碧华(1947)","梅碧华"
"梦飞(1947)","梦飞"
"欧文(1947)","欧文"
"欧石(1947)","欧石"
"欧阳澄(1947)","欧阳澄"
"欧阳牧堂(1947)","欧阳牧堂"
"殷怀远(1947)","殷怀远"
"毛一心(1947)","毛一心"
"水建彤(1947)","水建彤"
"江帆(1947)","江帆"
"江恒源(1947)","江恒源"
"汪叔棣(1947)","汪叔棣"
"汪竹一(1947)","汪竹一"
"汪静远(1947)","汪静远"
"沈从文(1947)","沈从文"
"沈光沛(1947)","沈光沛"
"沈同衡(1947)","沈同衡"
"沈志廉(1947)","沈志廉"
"沈新民(1947)","沈新民"
"沈炼之(1947)","沈炼之"
"沈犁(1947)","沈犁"
"沈茂坊(1947)","沈茂坊"
"沈衡若(1947)","沈衡若"
"沈钧儒(1947)","沈钧儒"
"沙学浚(1947)","沙学浚"
"沙汀(1947)","沙汀"
"波浪(1947)","波浪"
"洛如(1947)","洛如"
"洪泽(1947)","洪泽"
"洪深(1947)","洪深"
"洪潮(1947)","洪潮"
"洪遒(1947)","洪遒"
"派拉图夫(1947)","派拉图夫"
"流金(1947)","流金"
"浪天(1947)","浪天"
"涑之(1947)","涑之"
"淮阴父老(1947)","淮阴父老"
"淳风(1947)","淳风"
"温典光(1947)","温典光"
"漠南(1947)","漠南"
"漾兮(1947)","漾兮"
"潘国宝(1947)","潘国宝"
"潘大悲(1947)","潘大悲"
"潘子明(1947)","潘子明"
"潘家濂(1947)","潘家濂"
"潘星照(1947)","潘星照"
"潘朗(1947)","潘朗"
"潮局(1947)","潮局"
"濮阳星(1947)","濮阳星"
"炎德(1947)","炎德"
"烈风(1947)","烈风"
"焦煤(1947)","焦煤"
"爱莲(1947)","爱莲"
"牛奉先(1947)","牛奉先"
"牛斤两(1947)","牛斤两"
"狄超白(1947)","狄超白"
"王伯康(1947)","王伯康"
"王兆和(1947)","王兆和"
"王克浪(1947)","王克浪"
"王兰(1947)","王兰"
"王可平(1947)","王可平"
"王品仪(1947)","王品仪"
"王壁岑(1947)","王壁岑"
"王士倬(1947)","王士倬"
"王士章(1947)","王士章"
"王士蓉(1947)","王士蓉"
"王多幹(1947)","王多幹"
"王威(1947)","王威"
"王庆全(1947)","王庆全"
"王庆源(1947)","王庆源"
"王庚(1947)","王庚"
"王念昆(1947)","王念昆"
"王愼甫(1947)","王愼甫"
"王慕蕴(1947)","王慕蕴"
"王执中(1947)","王执中"
"王昆生(1947)","王昆生"
"王春芳(1947)","王春芳"
"王树尧(1947)","王树尧"
"王楚生(1947)","王楚生"
"王正光(1947)","王正光"
"王正礼(1947)","王正礼"
"王水(1947)","王水"
"王泽农(1947)","王泽农"
"王济昌(1947)","王济昌"
"王济道(1947)","王济道"
"王潜庵(1947)","王潜庵"
"王璧岑(1947)","王璧岑"
"王益之(1947)","王益之"
"王秋逸(1947)","王秋逸"
"王章麟(1947)","王章麟"
"王絜非(1947)","王絜非"
"王统照(1947)","王统照"
"王绳祖(1947)","王绳祖"
"王舜桑(1947)","王舜桑"
"王造时(1947)","王造时"
"王醒觉(1947)","王醒觉"
"王韵霞(1947)","王韵霞"
"王鲁之(1947)","王鲁之"
"甘祠森(1947)","甘祠森"
"甘笑(1947)","甘笑"
"甘草(1947)","甘草"
"甫堡(1947)","甫堡"
"田心源(1947)","田心源"
"田汉(1947)","田汉"
"田绍禹(1947)","田绍禹"
"田菊安(1947)","田菊安"
"申公(1947)","申公"
"白云(1947)","白云"
"白居易(1947)","白居易"
"白无垢(1947)","白无垢"
"白朗(1947)","白朗"
"白木(1947)","白木"
"白湜(1947)","白湜"
"白里奚(1947)","白里奚"
"皇甫梦觉(1947)","皇甫梦觉"
"皇甫炎(1947)","皇甫炎"
"益成(1947)","益成"
"盛天(1947)","盛天"
"石熙文(1947)","石熙文"
"石燕(1947)","石燕"
"石磊(1947)","石磊"
"石若望(1947)","石若望"
"祝____(1947)","祝____"
"秋水(1947)","秋水"
"秦军(1947)","秦军"
"秦澄(1947)","秦澄"
"秦镜清(1947)","秦镜清"
"程伫(1947)","程伫"
"程紫明(1947)","程紫明"
"稼人(1947)","稼人"
"穆堂(1947)","穆堂"
"穆木天(1947)","穆木天"
"立熹(1947)","立熹"
"章乃器(1947)","章乃器"
"章伯钧(1947)","章伯钧"
"章元善(1947)","章元善"
"章平(1947)","章平"
"章幸之(1947)","章幸之"
"章洛平(1947)","章洛平"
"童伐异(1947)","童伐异"
"童秀(1947)","童秀"
"端木正(1947)","端木正"
"範绮石(1947)","範绮石"
"米兰民(1947)","米兰民"
"粟寄沧(1947)","粟寄沧"
"粱漱溟(1947)","粱漱溟"
"纪北(1947)","纪北"
"细流(1947)","细流"
"维洛夫(1947)","维洛夫"
"罗名军(1947)","罗名军"
"罗味莘(1947)","罗味莘"
"罗明佑(1947)","罗明佑"
"罗涵先(1947)","罗涵先"
"罗特(1947)","罗特"
"群生(1947)","群生"
"翁之镛(1947)","翁之镛"
"翁锡益(1947)","翁锡益"
"翟敬(1947)","翟敬"
"翦伯赞(1947)","翦伯赞"
"翰飞(1947)","翰飞"
"老弟(1947)","老弟"
"老迂(1947)","老迂"
"耿农(1947)","耿农"
"耿笑天(1947)","耿笑天"
"联沪(1947)","联沪"
"肃子(1947)","肃子"
"胡人章(1947)","胡人章"
"胡仲持(1947)","胡仲持"
"胡凤九(1947)","胡凤九"
"胡帝(1947)","胡帝"
"胡庆钧(1947)","胡庆钧"
"胡志明(1947)","胡志明"
"胡愼明(1947)","胡愼明"
"胡慰荆(1947)","胡慰荆"
"胡星原(1947)","胡星原"
"胡曲园(1947)","胡曲园"
"胡橹(1947)","胡橹"
"胡毅生(1947)","胡毅生"
"胡焕庸(1947)","胡焕庸"
"胡私(1947)","胡私"
"胡绳(1947)","胡绳"
"胡里(1947)","胡里"
"自在(1947)","自在"
"良诚(1947)","良诚"
"艾希(1947)","艾希"
"艾荧(1947)","艾荧"
"苡莎(1947)","苡莎"
"范予遂(1947)","范予遂"
"范凡(1947)","范凡"
"范承祥(1947)","范承祥"
"范泉(1947)","范泉"
"范琪(1947)","范琪"
"荒野(1947)","荒野"
"莊智焕(1947)","莊智焕"
"莊茹斯(1947)","莊茹斯"
"莫闻天(1947)","莫闻天"
"莲子(1947)","莲子"
"菊子(1947)","菊子"
"萧异兹(1947)","萧异兹"
"萧扬(1947)","萧扬"
"萧柯则(1947)","萧柯则"
"萧武尧(1947)","萧武尧"
"萧源(1947)","萧源"
"萧耀奎(1947)","萧耀奎"
"萧草(1947)","萧草"
"萨空了(1947)","萨空了"
"葛存畲(1947)","葛存畲"
"葛思恩(1947)","葛思恩"
"董时进(1947)","董时进"
"董秋斯(1947)","董秋斯"
"董荡平(1947)","董荡平"
"蒋家丁(1947)","蒋家丁"
"蒋廷黻(1947)","蒋廷黻"
"蒋锡昌(1947)","蒋锡昌"
"蓝天(1947)","蓝天"
"蔡力行(1947)","蔡力行"
"蔡廷锴(1947)","蔡廷锴"
"蔡枢衡(1947)","蔡枢衡"
"蔡泽安(1947)","蔡泽安"
"蔡维藩(1947)","蔡维藩"
"蔡鸿干(1947)","蔡鸿干"
"虞愚(1947)","虞愚"
"袁昌英(1947)","袁昌英"
"袁雪芬(1947)","袁雪芬"
"裴斐(1947)","裴斐"
"褚家麟(1947)","褚家麟"
"西门宗华(1947)","西门宗华"
"许伯棣(1947)","许伯棣"
"许君远(1947)","许君远"
"许宏宇(1947)","许宏宇"
"许寿昌(1947)","许寿昌"
"许寿裳(1947)","许寿裳"
"许德珩(1947)","许德珩"
"许志家(1947)","许志家"
"许志敭(1947)","许志敭"
"许敬昌(1947)","许敬昌"
"许杰(1947)","许杰"
"许绍珊(1947)","许绍珊"
"许虚(1947)","许虚"
"许诚彦(1947)","许诚彦"
"许金铿(1947)","许金铿"
"诸葛农(1947)","诸葛农"
"诸葛波(1947)","诸葛波"
"谢叠山(1947)","谢叠山"
"谢君承(1947)","谢君承"
"谢扶雅(1947)","谢扶雅"
"谢紫(1947)","谢紫"
"谭刚之(1947)","谭刚之"
"谭徽岗(1947)","谭徽岗"
"谭树聱(1947)","谭树聱"
"谭翼鹏(1947)","谭翼鹏"
"谭铭(1947)","谭铭"
"谷振元(1947)","谷振元"
"谷春帆(1947)","谷春帆"
"贡白(1947)","贡白"
"贵善(1947)","贵善"
"费青(1947)","费青"
"贾生(1947)","贾生"
"赛德怀(1947)","赛德怀"
"赛珍珠(1947)","赛珍珠"
"赵一夫(1947)","赵一夫"
"赵兰坪(1947)","赵兰坪"
"赵其言(1947)","赵其言"
"赵凤喈(1947)","赵凤喈"
"赵崇仁(1947)","赵崇仁"
"赵希一(1947)","赵希一"
"赵希文(1947)","赵希文"
"赵德(1947)","赵德"
"赵志超(1947)","赵志超"
"赵海如(1947)","赵海如"
"赵紫宸(1947)","赵紫宸"
"赵蔚青(1947)","赵蔚青"
"赵质君(1947)","赵质君"
"路人(1947)","路人"
"路得(1947)","路得"
"辉晋(1947)","辉晋"
"辛华(1947)","辛华"
"辛美(1947)","辛美"
"辛耶(1947)","辛耶"
"适夷(1947)","适夷"
"适生(1947)","适生"
"选知(1947)","选知"
"逸士(1947)","逸士"
"邓一成(1947)","邓一成"
"邓之诚(1947)","邓之诚"
"邓威(1947)","邓威"
"邓钟韶琴(1947)","邓钟韶琴"
"邢植华(1947)","邢植华"
"邵基(1947)","邵基"
"邵恒之(1947)","邵恒之"
"邵景康(1947)","邵景康"
"邵资(1947)","邵资"
"邹山齐(1947)","邹山齐"
"邹文海(1947)","邹文海"
"邹至诚(1947)","邹至诚"
"郁栀(1947)","郁栀"
"郑国壐(1947)","郑国壐"
"郑怀琛(1947)","郑怀琛"
"郑明礼(1947)","郑明礼"
"郑钦仁(1947)","郑钦仁"
"郝史(1947)","郝史"
"郝稼(1947)","郝稼"
"郭子韵(1947)","郭子韵"
"郭钟曦(1947)","郭钟曦"
"郿卿(1947)","郿卿"
"鄕麐诗(1947)","鄕麐诗"
"野军(1947)","野军"
"野夫(1947)","野夫"
"野客(1947)","野客"
"金____(1947)","金____"
"金克仁(1947)","金克仁"
"金岳霖(1947)","金岳霖"
"金文杰(1947)","金文杰"
"金望之(1947)","金望之"
"金殿(1947)","金殿"
"金焕(1947)","金焕"
"金逖(1947)","金逖"
"金锋(1947)","金锋"
"金隄(1947)","金隄"
"钟微言(1947)","钟微言"
"钟石磊(1947)","钟石磊"
"钟越(1947)","钟越"
"钱健夫(1947)","钱健夫"
"钱熙光(1947)","钱熙光"
"铁马(1947)","铁马"
"锺伯平(1947)","锺伯平"
"锺诚(1947)","锺诚"
"阿七(1947)","阿七"
"阿常(1947)","阿常"
"阿杨(1947)","阿杨"
"际云(1947)","际云"
"陆朝华(1947)","陆朝华"
"陆海藩(1947)","陆海藩"
"陆舟(1947)","陆舟"
"陈之迈(1947)","陈之迈"
"陈仲明(1947)","陈仲明"
"陈元坤(1947)","陈元坤"
"陈其瑗(1947)","陈其瑗"
"陈养浩(1947)","陈养浩"
"陈务生(1947)","陈务生"
"陈华人(1947)","陈华人"
"陈原(1947)","陈原"
"陈友松(1947)","陈友松"
"陈啓泰(1947)","陈啓泰"
"陈复生(1947)","陈复生"
"陈孝禅(1947)","陈孝禅"
"陈岱孙(1947)","陈岱孙"
"陈序经(1947)","陈序经"
"陈彦(1947)","陈彦"
"陈德龙(1947)","陈德龙"
"陈志让(1947)","陈志让"
"陈惠夫(1947)","陈惠夫"
"陈文(1947)","陈文"
"陈曙风(1947)","陈曙风"
"陈曦(1947)","陈曦"
"陈朗(1947)","陈朗"
"陈本端(1947)","陈本端"
"陈此生(1947)","陈此生"
"陈清(1947)","陈清"
"陈澄(1947)","陈澄"
"陈瘦竹(1947)","陈瘦竹"
"陈石铭(1947)","陈石铭"
"陈纪(1947)","陈纪"
"陈绳祖(1947)","陈绳祖"
"陈至明(1947)","陈至明"
"陈襟湘(1947)","陈襟湘"
"陈郁文(1947)","陈郁文"
"陈钟浩(1947)","陈钟浩"
"陈阳(1947)","陈阳"
"陋之(1947)","陋之"
"陶天白(1947)","陶天白"
"陶王(1947)","陶王"
"陶逸(1947)","陶逸"
"隽生(1947)","隽生"
"雍蒲足(1947)","雍蒲足"
"雨农(1947)","雨农"
"雨田(1947)","雨田"
"雪峰(1947)","雪峰"
"雪松(1947)","雪松"
"雷洁琼(1947)","雷洁琼"
"雷海宗(1947)","雷海宗"
"非非(1947)","非非"
"靳以(1947)","靳以"
"韩笙(1947)","韩笙"
"顾保之(1947)","顾保之"
"顾回(1947)","顾回"
"顾百琦(1947)","顾百琦"
"顾蓉君(1947)","顾蓉君"
"马__科(1947)","马__科"
"马元青(1947)","马元青"
"马平(1947)","马平"
"马文昌(1947)","马文昌"
"马文生(1947)","马文生"
"马碧莲(1947)","马碧莲"
"马马昭(1947)","马马昭"
"骆负华(1947)","骆负华"
"高世勳(1947)","高世勳"
"高原(1947)","高原"
"高名(1947)","高名"
"高天(1947)","高天"
"高平(1947)","高平"
"高怀远(1947)","高怀远"
"高惜冰(1947)","高惜冰"
"高憬(1947)","高憬"
"高松(1947)","高松"
"高沃(1947)","高沃"
"高祖文(1947)","高祖文"
"高第榘(1947)","高第榘"
"高良润(1947)","高良润"
"高觉敷(1947)","高觉敷"
"魏登临(1947)","魏登临"
"魏金枝(1947)","魏金枝"
"鲁风(1947)","鲁风"
"麦右文(1947)","麦右文"
"黄__石(1947)","黄__石"
"黄修敬(1947)","黄修敬"
"黄元彬(1947)","黄元彬"
"黄子谷(1947)","黄子谷"
"黄宗汉(1947)","黄宗汉"
"黄平甫(1947)","黄平甫"
"黄建华(1947)","黄建华"
"黄春生(1947)","黄春生"
"黄楚清(1947)","黄楚清"
"黄正铭(1947)","黄正铭"
"黄永玉(1947)","黄永玉"
"黄炎裔(1947)","黄炎裔"
"黄炳坤(1947)","黄炳坤"
"黄琴南(1947)","黄琴南"
"黄瘦(1947)","黄瘦"
"黄遵明(1947)","黄遵明"
"黄镜明(1947)","黄镜明"
"黎明德(1947)","黎明德"
"黎玄(1947)","黎玄"
"黎秀石(1947)","黎秀石"
"黾溪(1947)","黾溪"
"齐思和(1947)","齐思和"
"齐民(1947)","齐民"
"龙佐吾(1947)","龙佐吾"
"龙廷霸(1947)","龙廷霸"
"龙成志(1947)","龙成志"
"龙潜夫(1947)","龙潜夫"
"龚瑞祥(1947)","龚瑞祥"
"龟溪(1947)","龟溪"
"（捷）Kardy(1947)","（捷）Kardy"
"（美）Barry，J.(1947)","（美）Barry，J."
"（美）Mecklin，J.(1947)","（美）Mecklin，J."
"（美）Stewart，M.S.(1947)","（美）Stewart，M.S."
"（美）波伊(1947)","（美）波伊"
"（美）裴斐(1947)","（美）裴斐"
"（英）Dutt，P.(1947)","（英）Dutt，P."
"（英）K._Zilliacus(1947)","（英）K._Zilliacus"
"（英）Politt，H.(1947)","（英）Politt，H."
"（英）卡通(1947)","（英）卡通"
"（英）鲍威尔(1947)","（英）鲍威尔"
"（越）阮文化(1947)","（越）阮文化"
"张仁光(1948)","张仁光"
"仲亨(1948)","仲亨"
"杨微(1948)","杨微"
"张肖梅(1948)","张肖梅"
"杨博如(1948)","杨博如"
"波光(1948)","波光"
"丁蕾(1948)","丁蕾"
"萧客(1948)","萧客"
"张君劢(1948)","张君劢"
"讷菴(1948)","讷菴"
"杜衡(1948)","杜衡"
"曾昭抡(1948)","曾昭抡"
"王厚生(1948)","王厚生"
"费孝通(1948)","费孝通"
"张绍贤(1948)","张绍贤"
"讷庵(1948)","讷庵"
"陈仁炳(1948)","陈仁炳"
"叶新华(1948)","叶新华"
"文青(1948)","文青"
"柏苍(1948)","柏苍"
"黄炎培(1948)","黄炎培"
"潮声(1948)","潮声"
"陈达(1948)","陈达"
"刘绪贻(1948)","刘绪贻"
"赵志华(1948)","赵志华"
"吴景超(1948)","吴景超"
"张西曼(1948)","张西曼"
"王民(1948)","王民"
"秦越(1948)","秦越"
"刘大中(1948)","刘大中"
"司马天籁(1948)","司马天籁"
"林焕平(1948)","林焕平"
"程梯云(1948)","程梯云"
"章明(1948)","章明"
"储安平(1948)","储安平"
"冠__(1948)","冠__"
"周公南(1948)","周公南"
"蔡尚思(1948)","蔡尚思"
"金治泰(1948)","金治泰"
"朱树锦(1948)","朱树锦"
"杜渐(1948)","杜渐"
"杨卫玉(1948)","杨卫玉"
"石仲子(1948)","石仲子"
"黄河清(1948)","黄河清"
"何永佶(1948)","何永佶"
"凌华(1948)","凌华"
"张东荪(1948)","张东荪"
"徐毓枬(1948)","徐毓枬"
"微明(1948)","微明"
"方建民(1948)","方建民"
"林海(1948)","林海"
"焦尾琴(1948)","焦尾琴"
"王亚南(1948)","王亚南"
"申铭(1948)","申铭"
"蒋硕傑(1948)","蒋硕傑"
"陈振汉(1948)","陈振汉"
"陈涛(1948)","陈涛"
"黄撼石(1948)","黄撼石"
"余园(1948)","余园"
"同父(1948)","同父"
"岳铎(1948)","岳铎"
"微生(1948)","微生"
"楼邦彦(1948)","楼邦彦"
"樊弘(1948)","樊弘"
"潘光旦(1948)","潘光旦"
"罗梦册(1948)","罗梦册"
"费雯(1948)","费雯"
"郭泉(1948)","郭泉"
"严冬(1948)","严冬"
"吕拙文(1948)","吕拙文"
"戴世光(1948)","戴世光"
"方东旭(1948)","方东旭"
"李相符(1948)","李相符"
"林一荣(1948)","林一荣"
"林沧白(1948)","林沧白"
"甄斯(1948)","甄斯"
"石啸冲(1948)","石啸冲"
"石在(1948)","石在"
"胡光(1948)","胡光"
"萧乾(1948)","萧乾"
"萧贤(1948)","萧贤"
"裴仁(1948)","裴仁"
"辛斤(1948)","辛斤"
"静观(1948)","静观"
"高超(1948)","高超"
"不已(1948)","不已"
"严仁赓(1948)","严仁赓"
"仲子(1948)","仲子"
"全慰天(1948)","全慰天"
"凌卓(1948)","凌卓"
"吕克难(1948)","吕克难"
"呆夫(1948)","呆夫"
"宋宝山(1948)","宋宝山"
"施复亮(1948)","施复亮"
"李广田(1948)","李广田"
"杨珉华(1948)","杨珉华"
"梅朶(1948)","梅朶"
"欧阳春(1948)","欧阳春"
"沙鸥(1948)","沙鸥"
"洪荒(1948)","洪荒"
"王兆和(1948)","王兆和"
"石闻(1948)","石闻"
"笪移今(1948)","笪移今"
"罗子为(1948)","罗子为"
"艾原(1948)","艾原"
"邓初民(1948)","邓初民"
"郑铁邨(1948)","郑铁邨"
"陆养浩(1948)","陆养浩"
"黄药眠(1948)","黄药眠"
"黎玄(1948)","黎玄"
"丘山(1948)","丘山"
"严绍端(1948)","严绍端"
"余望之(1948)","余望之"
"刘子健(1948)","刘子健"
"叶君健(1948)","叶君健"
"吕漠(1948)","吕漠"
"吴诚夫(1948)","吴诚夫"
"周新民(1948)","周新民"
"喻凎邨(1948)","喻凎邨"
"孟宪章(1948)","孟宪章"
"季明(1948)","季明"
"张霞飞(1948)","张霞飞"
"戴文赛(1948)","戴文赛"
"文琪(1948)","文琪"
"方锦(1948)","方锦"
"望月(1948)","望月"
"李维林(1948)","李维林"
"杨人楩(1948)","杨人楩"
"杨庆堃(1948)","杨庆堃"
"汪铭德(1948)","汪铭德"
"沈志远(1948)","沈志远"
"沛雨(1948)","沛雨"
"牛纵(1948)","牛纵"
"王琦(1948)","王琦"
"王道乾(1948)","王道乾"
"田汝康(1948)","田汝康"
"碧遥(1948)","碧遥"
"程家骐(1948)","程家骐"
"章伯钧(1948)","章伯钧"
"翁独健(1948)","翁独健"
"翰飞(1948)","翰飞"
"胡庆钧(1948)","胡庆钧"
"范樸斋(1948)","范樸斋"
"莎屏(1948)","莎屏"
"莫邪(1948)","莫邪"
"补斋(1948)","补斋"
"袁翰青(1948)","袁翰青"
"费善通(1948)","费善通"
"赵守愚(1948)","赵守愚"
"郑昕(1948)","郑昕"
"郭沫若(1948)","郭沫若"
"金志文(1948)","金志文"
"高澜(1948)","高澜"
"鱼木(1948)","鱼木"
"黄非(1948)","黄非"
"龚祥瑞(1948)","龚祥瑞"
"丁枫华(1948)","丁枫华"
"丘陵(1948)","丘陵"
"严庄(1948)","严庄"
"何孝达(1948)","何孝达"
"何肫林(1948)","何肫林"
"冀民(1948)","冀民"
"冯契(1948)","冯契"
"冰兄(1948)","冰兄"
"凤子(1948)","凤子"
"凯玲(1948)","凯玲"
"刃锋(1948)","刃锋"
"刘尊棋(1948)","刘尊棋"
"刘毅(1948)","刘毅"
"刘涤源(1948)","刘涤源"
"华莱士(1948)","华莱士"
"司田(1948)","司田"
"向达(1948)","向达"
"吴允曾(1948)","吴允曾"
"吴思毅(1948)","吴思毅"
"吴恩裕(1948)","吴恩裕"
"吴晗(1948)","吴晗"
"周伯棣(1948)","周伯棣"
"周行健(1948)","周行健"
"商翼(1948)","商翼"
"喻淦邨(1948)","喻淦邨"
"夏骏骑(1948)","夏骏骑"
"封淑(1948)","封淑"
"尤思纯(1948)","尤思纯"
"巩韦(1948)","巩韦"
"平伯(1948)","平伯"
"张敏(1948)","张敏"
"彭定颐(1948)","彭定颐"
"徐中玉(1948)","徐中玉"
"徐博陵(1948)","徐博陵"
"曹孟白(1948)","曹孟白"
"曾国屏(1948)","曾国屏"
"朱绍文(1948)","朱绍文"
"朱若华(1948)","朱若华"
"李乡朴(1948)","李乡朴"
"李兆琏(1948)","李兆琏"
"李桦(1948)","李桦"
"李正文(1948)","李正文"
"杨丑(1948)","杨丑"
"杨戎(1948)","杨戎"
"杨泽中(1948)","杨泽中"
"杨祖之(1948)","杨祖之"
"林其民(1948)","林其民"
"梁梦觉(1948)","梁梦觉"
"梦觉(1948)","梦觉"
"欧阳革辛(1948)","欧阳革辛"
"正翁(1948)","正翁"
"段连城(1948)","段连城"
"汤德明(1948)","汤德明"
"滕茂桐(1948)","滕茂桐"
"王一冰(1948)","王一冰"
"王冀民(1948)","王冀民"
"王岑(1948)","王岑"
"王思曙(1948)","王思曙"
"王昆生(1948)","王昆生"
"王由(1948)","王由"
"白坚石(1948)","白坚石"
"石华(1948)","石华"
"稼汉(1948)","稼汉"
"筠友(1948)","筠友"
"米谷(1948)","米谷"
"红柳(1948)","红柳"
"范承祥(1948)","范承祥"
"董冰如(1948)","董冰如"
"蒋匀田(1948)","蒋匀田"
"褚光明(1948)","褚光明"
"许德珩(1948)","许德珩"
"谢定(1948)","谢定"
"负生(1948)","负生"
"赵德洁(1948)","赵德洁"
"郑诚章(1948)","郑诚章"
"金苗(1948)","金苗"
"闻家驷(1948)","闻家驷"
"陈士华(1948)","陈士华"
"颜衡余(1948)","颜衡余"
"马叙伦(1948)","马叙伦"
"黄一裳(1948)","黄一裳"
"黄康(1948)","黄康"
"Kingsley_Martin(1948)","Kingsley_Martin"
"Lanne，D.Y.(1948)","Lanne，D.Y."
"丁忱(1948)","丁忱"
"丁汀(1948)","丁汀"
"丁洪範(1948)","丁洪範"
"东方明(1948)","东方明"
"严信民(1948)","严信民"
"严涵温(1948)","严涵温"
"严钟杰(1948)","严钟杰"
"之谷(1948)","之谷"
"伟夫(1948)","伟夫"
"何其丰(1948)","何其丰"
"何慢(1948)","何慢"
"何经(1948)","何经"
"余才友(1948)","余才友"
"俞寰澄(1948)","俞寰澄"
"俞铭传(1948)","俞铭传"
"公盾(1948)","公盾"
"冯至(1948)","冯至"
"冰若(1948)","冰若"
"刘大杰(1948)","刘大杰"
"刘思慕(1948)","刘思慕"
"千家驹(1948)","千家驹"
"华农(1948)","华农"
"卓仁(1948)","卓仁"
"南星(1948)","南星"
"南极(1948)","南极"
"南郭一鸣(1948)","南郭一鸣"
"却斯探·鲍尔斯(1948)","却斯探·鲍尔斯"
"史班(1948)","史班"
"叶景莘(1948)","叶景莘"
"吴世昌(1948)","吴世昌"
"吴兰(1948)","吴兰"
"吴靓云(1948)","吴靓云"
"周一志(1948)","周一志"
"周作仁(1948)","周作仁"
"周建人(1948)","周建人"
"周至诚(1948)","周至诚"
"周锡卿(1948)","周锡卿"
"城北(1948)","城北"
"夏康农(1948)","夏康农"
"夔公(1948)","夔公"
"大木(1948)","大木"
"姚理(1948)","姚理"
"姚雪垠(1948)","姚雪垠"
"孙保仁(1948)","孙保仁"
"孙克宽(1948)","孙克宽"
"孙宪辉(1948)","孙宪辉"
"孙敏(1948)","孙敏"
"孙晓村(1948)","孙晓村"
"孙殿伟(1948)","孙殿伟"
"孙蕴(1948)","孙蕴"
"季羡林(1948)","季羡林"
"季青(1948)","季青"
"宁静(1948)","宁静"
"宋宝尊(1948)","宋宝尊"
"宜闲(1948)","宜闲"
"宦乡(1948)","宦乡"
"小石(1948)","小石"
"小草(1948)","小草"
"小詹(1948)","小詹"
"岑砧(1948)","岑砧"
"巴客(1948)","巴客"
"平凡(1948)","平凡"
"康瑞丰(1948)","康瑞丰"
"张子龄(1948)","张子龄"
"张志让(1948)","张志让"
"张成(1948)","张成"
"张正邦(1948)","张正邦"
"张絅伯(1948)","张絅伯"
"张谦(1948)","张谦"
"张述祖(1948)","张述祖"
"彭慧(1948)","彭慧"
"徐成良(1948)","徐成良"
"德明(1948)","德明"
"念慈(1948)","念慈"
"思慕(1948)","思慕"
"怡波(1948)","怡波"
"慕真(1948)","慕真"
"拉斯基(1948)","拉斯基"
"方秋苇(1948)","方秋苇"
"方芳(1948)","方芳"
"方菶(1948)","方菶"
"晓瞻(1948)","晓瞻"
"景明(1948)","景明"
"更生(1948)","更生"
"李丹(1948)","李丹"
"李正椿(1948)","李正椿"
"李瑛(1948)","李瑛"
"杨振声(1948)","杨振声"
"杨震羽(1948)","杨震羽"
"林其仁(1948)","林其仁"
"林笙(1948)","林笙"
"林莽(1948)","林莽"
"林达懋(1948)","林达懋"
"柳京(1948)","柳京"
"柳逢仙(1948)","柳逢仙"
"梁崇辅(1948)","梁崇辅"
"楼__彦(1948)","楼__彦"
"欧阳山(1948)","欧阳山"
"毕基初(1948)","毕基初"
"江沙(1948)","江沙"
"汪曾祺(1948)","汪曾祺"
"汪铭(1948)","汪铭"
"沈定一(1948)","沈定一"
"沈钧儒(1948)","沈钧儒"
"洪涛(1948)","洪涛"
"渔父(1948)","渔父"
"温肇桐(1948)","温肇桐"
"潘星照(1948)","潘星照"
"火凤(1948)","火凤"
"炳章(1948)","炳章"
"燕然(1948)","燕然"
"王任重(1948)","王任重"
"王必章(1948)","王必章"
"王成组(1948)","王成组"
"王扬(1948)","王扬"
"王铁崖(1948)","王铁崖"
"田心源(1948)","田心源"
"白苎(1948)","白苎"
"白莽(1948)","白莽"
"石火(1948)","石火"
"磊风(1948)","磊风"
"章秦(1948)","章秦"
"粟寄沧(1948)","粟寄沧"
"紫云(1948)","紫云"
"维哲(1948)","维哲"
"绿韵(1948)","绿韵"
"羊城彦(1948)","羊城彦"
"翰墨(1948)","翰墨"
"胡宣之(1948)","胡宣之"
"胡寄牕(1948)","胡寄牕"
"艾扬(1948)","艾扬"
"苏枫(1948)","苏枫"
"苪沐(1948)","苪沐"
"范谦衷(1948)","范谦衷"
"茅行健(1948)","茅行健"
"萧觉天(1948)","萧觉天"
"蒙若(1948)","蒙若"
"蔡维藩(1948)","蔡维藩"
"袁可嘉(1948)","袁可嘉"
"袁方(1948)","袁方"
"许广平(1948)","许广平"
"谢东平(1948)","谢东平"
"谢默依(1948)","谢默依"
"谭崇台(1948)","谭崇台"
"谭无逸(1948)","谭无逸"
"谭菠莉(1948)","谭菠莉"
"谷春帆(1948)","谷春帆"
"谷苞(1948)","谷苞"
"费祥俊(1948)","费祥俊"
"费青(1948)","费青"
"邵循正(1948)","邵循正"
"郑愼山(1948)","郑愼山"
"郑森禹(1948)","郑森禹"
"郝稼(1948)","郝稼"
"郭梅荪(1948)","郭梅荪"
"郭森麒(1948)","郭森麒"
"钱暄(1948)","钱暄"
"陆志韦(1948)","陆志韦"
"陆诒(1948)","陆诒"
"陆麟勋(1948)","陆麟勋"
"陈一(1948)","陈一"
"陈光(1948)","陈光"
"陈子久(1948)","陈子久"
"陈林(1948)","陈林"
"陈梅卿(1948)","陈梅卿"
"陈梦家(1948)","陈梦家"
"陈行健(1948)","陈行健"
"陈镜善(1948)","陈镜善"
"青锋(1948)","青锋"
"静怀(1948)","静怀"
"非言(1948)","非言"
"顾家樑(1948)","顾家樑"
"马寅初(1948)","马寅初"
"鱼忘(1948)","鱼忘"
"鲁生(1948)","鲁生"
"黄宗汉(1948)","黄宗汉"
"黄炎裔(1948)","黄炎裔"
"黄野雄(1948)","黄野雄"
"（苏）Galin，A.(1948)","（苏）Galin，A."
"（英）林赛(1948)","（英）林赛"
"Aldous_Huxley(1948)","Aldous_Huxley"
"Arnold_Toynbee(1948)","Arnold_Toynbee"
"BP(1948)","BP"
"Barnes，H.(1948)","Barnes，H."
"Beanal，J.D.(1948)","Beanal，J.D."
"Brinton，C.(1948)","Brinton，C."
"Burke，J.(1948)","Burke，J."
"Cath，J.(1948)","Cath，J."
"Cole，G.D.H.(1948)","Cole，G.D.H."
"Commaga，H.S.(1948)","Commaga，H.S."
"David_Ramsey(1948)","David_Ramsey"
"Deane，H.(1948)","Deane，H."
"Dritt，D.N.(1948)","Dritt，D.N."
"Einstein.A(1948)","Einstein.A"
"Fritz_Sternberg(1948)","Fritz_Sternberg"
"Fuller，H.(1948)","Fuller，H."
"GM(1948)","GM"
"Goh，S.Y.(1948)","Goh，S.Y."
"Henry_J._Taylor(1948)","Henry_J._Taylor"
"Howard_K._Smith(1948)","Howard_K._Smith"
"Hugh，D.(1948)","Hugh，D."
"Ivanov，K.(1948)","Ivanov，K."
"Karra，V.(1948)","Karra，V."
"Lee，F.(1948)","Lee，F."
"Leonards，C.(1948)","Leonards，C."
"Lyon，J.(1948)","Lyon，J."
"M.H.(1948)","M.H."
"Mark_Gayn(1948)","Mark_Gayn"
"Martin，K.(1948)","Martin，K."
"Maxwell_S._Stewart(1948)","Maxwell_S._Stewart"
"Michael_Straight(1948)","Michael_Straight"
"Nathaniel_Peffer(1948)","Nathaniel_Peffer"
"Roth，A.(1948)","Roth，A."
"Russell，B.(1948)","Russell，B."
"S.Y.(1948)","S.Y."
"SY(1948)","SY"
"Schlesinger，A.M.(1948)","Schlesinger，A.M."
"Schoyer，B.P.(1948)","Schoyer，B.P."
"Shah，H.(1948)","Shah，H."
"Shih，H.P.F.(1948)","Shih，H.P.F."
"Sternberg，F.(1948)","Sternberg，F."
"Toynbee，A.F.(1948)","Toynbee，A.F."
"Victor_Perlo(1948)","Victor_Perlo"
"William_W._Lockwood(1948)","William_W._Lockwood"
"William_Winter(1948)","William_Winter"
"Winkle，H.(1948)","Winkle，H."
"Yougn，E.P.(1948)","Yougn，E.P."
"Zinder，H.(1948)","Zinder，H."
"一公(1948)","一公"
"一真(1948)","一真"
"一续(1948)","一续"
"丁二(1948)","丁二"
"丁克山(1948)","丁克山"
"丁尊(1948)","丁尊"
"丁日(1948)","丁日"
"丁求眞(1948)","丁求眞"
"丁溪阳(1948)","丁溪阳"
"丁芸(1948)","丁芸"
"丁驌(1948)","丁驌"
"万×(1948)","万×"
"上官芳(1948)","上官芳"
"世贤(1948)","世贤"
"丘克辉(1948)","丘克辉"
"业同(1948)","业同"
"东旭(1948)","东旭"
"东阳(1948)","东阳"
"严中平(1948)","严中平"
"严凌(1948)","严凌"
"严景耀(1948)","严景耀"
"严经文(1948)","严经文"
"乃德(1948)","乃德"
"之万(1948)","之万"
"乐希(1948)","乐希"
"乐知先(1948)","乐知先"
"乡少(1948)","乡少"
"于人(1948)","于人"
"于彦威(1948)","于彦威"
"于文(1948)","于文"
"云仙(1948)","云仙"
"云峰(1948)","云峰"
"云庸(1948)","云庸"
"亚尔撲提（Gordon_W._Allport）(1948)","亚尔撲提（Gordon_W._Allport）"
"从心(1948)","从心"
"仲臬(1948)","仲臬"
"仲鲁(1948)","仲鲁"
"任自涛(1948)","任自涛"
"伍丹戈(1948)","伍丹戈"
"伯恺(1948)","伯恺"
"伯骆(1948)","伯骆"
"似彭(1948)","似彭"
"似潜(1948)","似潜"
"伽赐(1948)","伽赐"
"佑黄(1948)","佑黄"
"何仪(1948)","何仪"
"何国樑(1948)","何国樑"
"何安民(1948)","何安民"
"何少逸(1948)","何少逸"
"何敏(1948)","何敏"
"何泛(1948)","何泛"
"何爱芬(1948)","何爱芬"
"何畏之(1948)","何畏之"
"何荷(1948)","何荷"
"何锺斌(1948)","何锺斌"
"余介邦(1948)","余介邦"
"余信华(1948)","余信华"
"余友才(1948)","余友才"
"余友直(1948)","余友直"
"余宁旺(1948)","余宁旺"
"余思文(1948)","余思文"
"余望白(1948)","余望白"
"余鑫年(1948)","余鑫年"
"佚名(1948)","佚名"
"侯国聪(1948)","侯国聪"
"侯外庐(1948)","侯外庐"
"侯庭督(1948)","侯庭督"
"侯玉文(1948)","侯玉文"
"俞元程(1948)","俞元程"
"俞平伯(1948)","俞平伯"
"倍原(1948)","倍原"
"健民(1948)","健民"
"健飞(1948)","健飞"
"傅理门(1948)","傅理门"
"傅菊人(1948)","傅菊人"
"光·谟(1948)","光·谟"
"光夫(1948)","光夫"
"克萍(1948)","克萍"
"全一毛(1948)","全一毛"
"公羽(1948)","公羽"
"再珠(1948)","再珠"
"冯一民(1948)","冯一民"
"冯友兰(1948)","冯友兰"
"冯启康(1948)","冯启康"
"冯善基(1948)","冯善基"
"冯宾符(1948)","冯宾符"
"冯法禩(1948)","冯法禩"
"冯秀凡(1948)","冯秀凡"
"冯静甫(1948)","冯静甫"
"况自(1948)","况自"
"冷荻(1948)","冷荻"
"冷遹(1948)","冷遹"
"凌之上(1948)","凌之上"
"凌冰(1948)","凌冰"
"凌雪(1948)","凌雪"
"凡人(1948)","凡人"
"划大中(1948)","划大中"
"刘世海(1948)","刘世海"
"刘中定(1948)","刘中定"
"刘仁福(1948)","刘仁福"
"刘以德(1948)","刘以德"
"刘勉(1948)","刘勉"
"刘培仁(1948)","刘培仁"
"刘学濬(1948)","刘学濬"
"刘弄潮(1948)","刘弄潮"
"刘徵麟(1948)","刘徵麟"
"刘志钧(1948)","刘志钧"
"刘文礼(1948)","刘文礼"
"刘昉(1948)","刘昉"
"刘润田(1948)","刘润田"
"刘源(1948)","刘源"
"刘煌(1948)","刘煌"
"刘答中(1948)","刘答中"
"刘良模(1948)","刘良模"
"刘超武(1948)","刘超武"
"刘迺诚(1948)","刘迺诚"
"刘郝稼(1948)","刘郝稼"
"力扬(1948)","力扬"
"励刚(1948)","励刚"
"勉之(1948)","勉之"
"包安(1948)","包安"
"包庆生(1948)","包庆生"
"包达三(1948)","包达三"
"北人(1948)","北人"
"北民(1948)","北民"
"北远(1948)","北远"
"华人(1948)","华人"
"华岳高(1948)","华岳高"
"华廉(1948)","华廉"
"华文玲(1948)","华文玲"
"华生(1948)","华生"
"华萍(1948)","华萍"
"单于越(1948)","单于越"
"单复(1948)","单复"
"卜乙之(1948)","卜乙之"
"卢于道(1948)","卢于道"
"卫军(1948)","卫军"
"历寒(1948)","历寒"
"历民(1948)","历民"
"双玉(1948)","双玉"
"古宋申肃(1948)","古宋申肃"
"可扬(1948)","可扬"
"史明(1948)","史明"
"史特朗(1948)","史特朗"
"史超礼(1948)","史超礼"
"史靖(1948)","史靖"
"叶克嵎(1948)","叶克嵎"
"叶圣陶(1948)","叶圣陶"
"叶平(1948)","叶平"
"叶幼麟(1948)","叶幼麟"
"叶春萍(1948)","叶春萍"
"叶深(1948)","叶深"
"叶源(1948)","叶源"
"叶烈诚(1948)","叶烈诚"
"叶翰蜚(1948)","叶翰蜚"
"叶舟(1948)","叶舟"
"叶良文(1948)","叶良文"
"司天马籁(1948)","司天马籁"
"司徒聪(1948)","司徒聪"
"司马夫(1948)","司马夫"
"司马怀(1948)","司马怀"
"司马怀冰(1948)","司马怀冰"
"司马观(1948)","司马观"
"各家(1948)","各家"
"吕庆(1948)","吕庆"
"吕汉(1948)","吕汉"
"吕煊(1948)","吕煊"
"吕玉文(1948)","吕玉文"
"吕竹(1948)","吕竹"
"吕西林(1948)","吕西林"
"吴仲持(1948)","吴仲持"
"吴伯渊(1948)","吴伯渊"
"吴侨(1948)","吴侨"
"吴刚(1948)","吴刚"
"吴名(1948)","吴名"
"吴国钧(1948)","吴国钧"
"吴基(1948)","吴基"
"吴宗文(1948)","吴宗文"
"吴庆生(1948)","吴庆生"
"吴惠芳(1948)","吴惠芳"
"吴敏(1948)","吴敏"
"吴明德(1948)","吴明德"
"吴泽(1948)","吴泽"
"吴洛(1948)","吴洛"
"吴绎(1948)","吴绎"
"吴荷景(1948)","吴荷景"
"吴谧赓(1948)","吴谧赓"
"吴辉宗(1948)","吴辉宗"
"吴道(1948)","吴道"
"吴铎(1948)","吴铎"
"吴铸基(1948)","吴铸基"
"吴鹤飞(1948)","吴鹤飞"
"呈炽(1948)","呈炽"
"周东郊(1948)","周东郊"
"周佑文(1948)","周佑文"
"周其晋(1948)","周其晋"
"周叔厚(1948)","周叔厚"
"周太玄(1948)","周太玄"
"周子豪(1948)","周子豪"
"周景星(1948)","周景星"
"周有光(1948)","周有光"
"周炳琳(1948)","周炳琳"
"周玲(1948)","周玲"
"周禾生(1948)","周禾生"
"周纳(1948)","周纳"
"周维明(1948)","周维明"
"周绶章(1948)","周绶章"
"周良彦(1948)","周良彦"
"周荣为(1948)","周荣为"
"周谷城(1948)","周谷城"
"周钢鸣(1948)","周钢鸣"
"咏源(1948)","咏源"
"唐奇格(1948)","唐奇格"
"唐思礼(1948)","唐思礼"
"唐挚(1948)","唐挚"
"唐纳文(1948)","唐纳文"
"唐行南(1948)","唐行南"
"唐龙(1948)","唐龙"
"喀尘(1948)","喀尘"
"喩淦邨(1948)","喩淦邨"
"四百零四个大学生(1948)","四百零四个大学生"
"坎侯(1948)","坎侯"
"坚璧(1948)","坚璧"
"士心(1948)","士心"
"复庵(1948)","复庵"
"复康(1948)","复康"
"夏子(1948)","夏子"
"夏棉(1948)","夏棉"
"夏永忠(1948)","夏永忠"
"夏炎德(1948)","夏炎德"
"夏笃(1948)","夏笃"
"夏鼐(1948)","夏鼐"
"大均(1948)","大均"
"夷康(1948)","夷康"
"奇虹(1948)","奇虹"
"奋生(1948)","奋生"
"奚永伟(1948)","奚永伟"
"如蕾(1948)","如蕾"
"如鸥(1948)","如鸥"
"姚志英(1948)","姚志英"
"娄立斋(1948)","娄立斋"
"子久(1948)","子久"
"子良(1948)","子良"
"子规(1948)","子规"
"孔孝天(1948)","孔孝天"
"孙国华(1948)","孙国华"
"孙国萧(1948)","孙国萧"
"孙孺(1948)","孙孺"
"孙楷弟(1948)","孙楷弟"
"孙毓棠(1948)","孙毓棠"
"孙甲(1948)","孙甲"
"孙起孟(1948)","孙起孟"
"孟南(1948)","孟南"
"孟启予(1948)","孟启予"
"孟坚(1948)","孟坚"
"孟永之(1948)","孟永之"
"孟起(1948)","孟起"
"孟超(1948)","孟超"
"季向阳(1948)","季向阳"
"季振平(1948)","季振平"
"季陶达(1948)","季陶达"
"宋××(1948)","宋××"
"宋友洪(1948)","宋友洪"
"宋曼(1948)","宋曼"
"宋藜野(1948)","宋藜野"
"宋远(1948)","宋远"
"宏基(1948)","宏基"
"宗白华(1948)","宗白华"
"定一(1948)","定一"
"宝善(1948)","宝善"
"宫恺(1948)","宫恺"
"容肇祖(1948)","容肇祖"
"宾符(1948)","宾符"
"密特尔(1948)","密特尔"
"富苪叶（Gilberts_Freyre）(1948)","富苪叶（Gilberts_Freyre）"
"封叔(1948)","封叔"
"小市民(1948)","小市民"
"小燕(1948)","小燕"
"小莊(1948)","小莊"
"小诃(1948)","小诃"
"小谢(1948)","小谢"
"少若(1948)","少若"
"尙吕(1948)","尙吕"
"尹颖默(1948)","尹颖默"
"尼尔·史塔福(1948)","尼尔·史塔福"
"崔毅然(1948)","崔毅然"
"巴什基洛夫(1948)","巴什基洛夫"
"巴甫洛夫(1948)","巴甫洛夫"
"市隐(1948)","市隐"
"希蓝(1948)","希蓝"
"常守琦(1948)","常守琦"
"常寿之(1948)","常寿之"
"常能明(1948)","常能明"
"平子(1948)","平子"
"幼华(1948)","幼华"
"庆德苇(1948)","庆德苇"
"庚夫(1948)","庚夫"
"廖冰(1948)","廖冰"
"开滦一份子(1948)","开滦一份子"
"异戈(1948)","异戈"
"张一文(1948)","张一文"
"张一知(1948)","张一知"
"张云平(1948)","张云平"
"张云横(1948)","张云横"
"张元济(1948)","张元济"
"张光华(1948)","张光华"
"张卖君(1948)","张卖君"
"张啸虎(1948)","张啸虎"
"张国昌(1948)","张国昌"
"张坚(1948)","张坚"
"张培刚(1948)","张培刚"
"张大军(1948)","张大军"
"张大庸(1948)","张大庸"
"张孟闻(1948)","张孟闻"
"张孤(1948)","张孤"
"张寰(1948)","张寰"
"张山川(1948)","张山川"
"张帆(1948)","张帆"
"张平(1948)","张平"
"张弢(1948)","张弢"
"张弦(1948)","张弦"
"张振鵾(1948)","张振鵾"
"张授(1948)","张授"
"张明养(1948)","张明养"
"张明琴(1948)","张明琴"
"张曼筠(1948)","张曼筠"
"张曼西(1948)","张曼西"
"张源(1948)","张源"
"张炯伯(1948)","张炯伯"
"张献祖(1948)","张献祖"
"张申府(1948)","张申府"
"张知一(1948)","张知一"
"张老西(1948)","张老西"
"张誉闻(1948)","张誉闻"
"张达僧(1948)","张达僧"
"张青萍(1948)","张青萍"
"张静野(1948)","张静野"
"张高志(1948)","张高志"
"张麟书(1948)","张麟书"
"强华(1948)","强华"
"彭兰生(1948)","彭兰生"
"彭庆修(1948)","彭庆修"
"彭德汉(1948)","彭德汉"
"徐卿(1948)","徐卿"
"徐学纯(1948)","徐学纯"
"徐家齐(1948)","徐家齐"
"徐平(1948)","徐平"
"徐悲鸿(1948)","徐悲鸿"
"徐晴(1948)","徐晴"
"徐毓枏(1948)","徐毓枏"
"徐炎(1948)","徐炎"
"徐盈(1948)","徐盈"
"徐纫秋(1948)","徐纫秋"
"徐良弼(1948)","徐良弼"
"徐道邻(1948)","徐道邻"
"徐铸成(1948)","徐铸成"
"微甫(1948)","微甫"
"微知(1948)","微知"
"心一(1948)","心一"
"必章(1948)","必章"
"志家(1948)","志家"
"志齐(1948)","志齐"
"念福(1948)","念福"
"怀冰(1948)","怀冰"
"怀沙(1948)","怀沙"
"怀芷(1948)","怀芷"
"怀蓝(1948)","怀蓝"
"思蓝(1948)","思蓝"
"惠君(1948)","惠君"
"慧君(1948)","慧君"
"憬之(1948)","憬之"
"戈歌(1948)","戈歌"
"戈龄(1948)","戈龄"
"戴明(1948)","戴明"
"戴镏龄(1948)","戴镏龄"
"扬弃(1948)","扬弃"
"拂晓(1948)","拂晓"
"拉铁摩尔(1948)","拉铁摩尔"
"振声(1948)","振声"
"摩尼(1948)","摩尼"
"敦一(1948)","敦一"
"文其昌(1948)","文其昌"
"文抄公(1948)","文抄公"
"文杏(1948)","文杏"
"文津生(1948)","文津生"
"文海晏(1948)","文海晏"
"文骊(1948)","文骊"
"斯特罗加脑夫(1948)","斯特罗加脑夫"
"新黎(1948)","新黎"
"方一陵(1948)","方一陵"
"方与严(1948)","方与严"
"方亮(1948)","方亮"
"方兴严(1948)","方兴严"
"方志祥(1948)","方志祥"
"方旦(1948)","方旦"
"方显廷(1948)","方显廷"
"方朗(1948)","方朗"
"方瑛(1948)","方瑛"
"方金(1948)","方金"
"方钧(1948)","方钧"
"方静(1948)","方静"
"旋锋(1948)","旋锋"
"无声(1948)","无声"
"无患子(1948)","无患子"
"明义(1948)","明义"
"明光(1948)","明光"
"春生(1948)","春生"
"昨非(1948)","昨非"
"昶明(1948)","昶明"
"晏公侠(1948)","晏公侠"
"晏生(1948)","晏生"
"智明(1948)","智明"
"曹文羣(1948)","曹文羣"
"曹立名(1948)","曹立名"
"曹觉民(1948)","曹觉民"
"曾乾(1948)","曾乾"
"曾审思(1948)","曾审思"
"曾忆萍(1948)","曾忆萍"
"曾明理(1948)","曾明理"
"曾玺发(1948)","曾玺发"
"曾镜澄(1948)","曾镜澄"
"木人(1948)","木人"
"木尊(1948)","木尊"
"木艮(1948)","木艮"
"朱今吾(1948)","朱今吾"
"朱仲琴(1948)","朱仲琴"
"朱光潜(1948)","朱光潜"
"朱均衡(1948)","朱均衡"
"朱守一(1948)","朱守一"
"朱性谦(1948)","朱性谦"
"朱托天(1948)","朱托天"
"朱方(1948)","朱方"
"朱柏(1948)","朱柏"
"朱正六(1948)","朱正六"
"朱绛(1948)","朱绛"
"朱自清(1948)","朱自清"
"李一民(1948)","李一民"
"李中严(1948)","李中严"
"李之显(1948)","李之显"
"李伯球(1948)","李伯球"
"李如凝(1948)","李如凝"
"李子静(1948)","李子静"
"李孝友(1948)","李孝友"
"李平明(1948)","李平明"
"李惠林(1948)","李惠林"
"李承晚(1948)","李承晚"
"李振华(1948)","李振华"
"李文宜(1948)","李文宜"
"李日中(1948)","李日中"
"李有义(1948)","李有义"
"李汉(1948)","李汉"
"李洛(1948)","李洛"
"李津彪(1948)","李津彪"
"李浩培(1948)","李浩培"
"李浩然(1948)","李浩然"
"李烨(1948)","李烨"
"李琪(1948)","李琪"
"李立岩(1948)","李立岩"
"李筠友(1948)","李筠友"
"李素娥(1948)","李素娥"
"李继耳(1948)","李继耳"
"李翰如(1948)","李翰如"
"李蕤(1948)","李蕤"
"李超(1948)","李超"
"李铮(1948)","李铮"
"李长之(1948)","李长之"
"李青(1948)","李青"
"李顺荣(1948)","李顺荣"
"村渔(1948)","村渔"
"杜任之(1948)","杜任之"
"杜守素(1948)","杜守素"
"杜审言(1948)","杜审言"
"杜明(1948)","杜明"
"杜林(1948)","杜林"
"杨伯恺(1948)","杨伯恺"
"杨刚(1948)","杨刚"
"杨华(1948)","杨华"
"杨可扬(1948)","杨可扬"
"杨同芳(1948)","杨同芳"
"杨奇(1948)","杨奇"
"杨子涵(1948)","杨子涵"
"杨导之(1948)","杨导之"
"杨微辑(1948)","杨微辑"
"杨思愼(1948)","杨思愼"
"杨承懋(1948)","杨承懋"
"杨文华(1948)","杨文华"
"杨易(1948)","杨易"
"杨星森(1948)","杨星森"
"杨晦(1948)","杨晦"
"杨玉卿(1948)","杨玉卿"
"杨生茂(1948)","杨生茂"
"杨白俊(1948)","杨白俊"
"杨繁(1948)","杨繁"
"杨绍舜(1948)","杨绍舜"
"杨绛(1948)","杨绛"
"杨群(1948)","杨群"
"杨苍(1948)","杨苍"
"杨诚(1948)","杨诚"
"杨间墨(1948)","杨间墨"
"杨高(1948)","杨高"
"杭引(1948)","杭引"
"林之东(1948)","林之东"
"林冲(1948)","林冲"
"林图复(1948)","林图复"
"林布(1948)","林布"
"林庚(1948)","林庚"
"林建勳(1948)","林建勳"
"林志纯(1948)","林志纯"
"林明(1948)","林明"
"林木(1948)","林木"
"林柏苍(1948)","林柏苍"
"林植夫(1948)","林植夫"
"林璜(1948)","林璜"
"林百荣(1948)","林百荣"
"林耀华(1948)","林耀华"
"林血(1948)","林血"
"林达(1948)","林达"
"林达薇(1948)","林达薇"
"柏万(1948)","柏万"
"柏戈(1948)","柏戈"
"查化(1948)","查化"
"柴汉诗(1948)","柴汉诗"
"树锦(1948)","树锦"
"梁士(1948)","梁士"
"梁子奇(1948)","梁子奇"
"梁文元(1948)","梁文元"
"梁朝琳(1948)","梁朝琳"
"梁远(1948)","梁远"
"梅碧华(1948)","梅碧华"
"梅邨(1948)","梅邨"
"梓晃(1948)","梓晃"
"楼邦彦等(1948)","楼邦彦等"
"樊际昌(1948)","樊际昌"
"欧阳健(1948)","欧阳健"
"欧阳思漫(1948)","欧阳思漫"
"殷僕(1948)","殷僕"
"毋己(1948)","毋己"
"民声(1948)","民声"
"水嘉明(1948)","水嘉明"
"水平(1948)","水平"
"江仁弘(1948)","江仁弘"
"江南燕(1948)","江南燕"
"江天(1948)","江天"
"江汉(1948)","江汉"
"江漪(1948)","江漪"
"江问渔(1948)","江问渔"
"汤克友(1948)","汤克友"
"汪元亮(1948)","汪元亮"
"汪可珍(1948)","汪可珍"
"汪家厚(1948)","汪家厚"
"汪瑄(1948)","汪瑄"
"汪迪民(1948)","汪迪民"
"沈从文(1948)","沈从文"
"沈体兰(1948)","沈体兰"
"沈依新(1948)","沈依新"
"沈嗣庄(1948)","沈嗣庄"
"沈宗澂(1948)","沈宗澂"
"沈新民(1948)","沈新民"
"沈珏(1948)","沈珏"
"沈直重(1948)","沈直重"
"沈立钧(1948)","沈立钧"
"沈蔼春(1948)","沈蔼春"
"沈音(1948)","沈音"
"沙平(1948)","沙平"
"沙行(1948)","沙行"
"沱水(1948)","沱水"
"法斯特(1948)","法斯特"
"法珠(1948)","法珠"
"洁流(1948)","洁流"
"洛林(1948)","洛林"
"洪步蟾(1948)","洪步蟾"
"流涛(1948)","流涛"
"流金(1948)","流金"
"浦文斌(1948)","浦文斌"
"浦熙修(1948)","浦熙修"
"浩然(1948)","浩然"
"浮生(1948)","浮生"
"海尼(1948)","海尼"
"涤森(1948)","涤森"
"涤源(1948)","涤源"
"淘粪(1948)","淘粪"
"清园(1948)","清园"
"渐离(1948)","渐离"
"游国恩(1948)","游国恩"
"漾兮(1948)","漾兮"
"潘光祖(1948)","潘光祖"
"潘公昭(1948)","潘公昭"
"潘兴达(1948)","潘兴达"
"潘子平(1948)","潘子平"
"潘震亚(1948)","潘震亚"
"潘静(1948)","潘静"
"潜乾(1948)","潜乾"
"炳若(1948)","炳若"
"熊光(1948)","熊光"
"爽任(1948)","爽任"
"牟赞平(1948)","牟赞平"
"牧野(1948)","牧野"
"狄超白(1948)","狄超白"
"狄雯(1948)","狄雯"
"王之轩(1948)","王之轩"
"王了一(1948)","王了一"
"王介之(1948)","王介之"
"王传纶(1948)","王传纶"
"王大衞(1948)","王大衞"
"王奇文(1948)","王奇文"
"王希和(1948)","王希和"
"王怡白(1948)","王怡白"
"王毅芬(1948)","王毅芬"
"王渡之(1948)","王渡之"
"王瑶(1948)","王瑶"
"王璧岑(1948)","王璧岑"
"王缅(1948)","王缅"
"王艮仲(1948)","王艮仲"
"王金铭(1948)","王金铭"
"珍·戴林波(1948)","珍·戴林波"
"甬民(1948)","甬民"
"田夫之(1948)","田夫之"
"田泉山(1948)","田泉山"
"由元(1948)","由元"
"申庆璧(1948)","申庆璧"
"白凡(1948)","白凡"
"白华生(1948)","白华生"
"白澄(1948)","白澄"
"白衣(1948)","白衣"
"皇甫玉(1948)","皇甫玉"
"益人(1948)","益人"
"盘新(1948)","盘新"
"瞿家杰(1948)","瞿家杰"
"瞿康祖(1948)","瞿康祖"
"矛林(1948)","矛林"
"知无涯斋(1948)","知无涯斋"
"石坪(1948)","石坪"
"石子(1948)","石子"
"石童(1948)","石童"
"石龙(1948)","石龙"
"礼凡(1948)","礼凡"
"祖海(1948)","祖海"
"祝公健(1948)","祝公健"
"祥敬(1948)","祥敬"
"离萍(1948)","离萍"
"禾夫(1948)","禾夫"
"秋明(1948)","秋明"
"秋枫(1948)","秋枫"
"秋蝉(1948)","秋蝉"
"秦京(1948)","秦京"
"秦柳方(1948)","秦柳方"
"秦翰才(1948)","秦翰才"
"程伫(1948)","程伫"
"程厚之(1948)","程厚之"
"程子汶(1948)","程子汶"
"程桯(1948)","程桯"
"程清英(1948)","程清英"
"程雨民(1948)","程雨民"
"穗人(1948)","穗人"
"立心(1948)","立心"
"竞辉(1948)","竞辉"
"章之朗(1948)","章之朗"
"章祖海(1948)","章祖海"
"章英(1948)","章英"
"童乃器(1948)","童乃器"
"童继烈(1948)","童继烈"
"竹风(1948)","竹风"
"简贯三(1948)","简贯三"
"箫乾(1948)","箫乾"
"粮商某君(1948)","粮商某君"
"素石(1948)","素石"
"紫枫(1948)","紫枫"
"红花(1948)","红花"
"纪域(1948)","纪域"
"纪宏智(1948)","纪宏智"
"纯刚(1948)","纯刚"
"纯青(1948)","纯青"
"罗伦(1948)","罗伦"
"罗君(1948)","罗君"
"罗坚白(1948)","罗坚白"
"罗塔(1948)","罗塔"
"罗庆辉(1948)","罗庆辉"
"罗志如(1948)","罗志如"
"罗忠恕(1948)","罗忠恕"
"罗根(1948)","罗根"
"罗琼英(1948)","罗琼英"
"罗素(1948)","罗素"
"罗茵(1948)","罗茵"
"翁咏庆(1948)","翁咏庆"
"翁碧鲜(1948)","翁碧鲜"
"翦伯赞(1948)","翦伯赞"
"老崇(1948)","老崇"
"聂犇(1948)","聂犇"
"胡一声(1948)","胡一声"
"胡友山(1948)","胡友山"
"胡国安(1948)","胡国安"
"胡子婴(1948)","胡子婴"
"胡家祜(1948)","胡家祜"
"胡文山(1948)","胡文山"
"胡杭生(1948)","胡杭生"
"胡林(1948)","胡林"
"胡爲柏(1948)","胡爲柏"
"胡私(1948)","胡私"
"胡私讲(1948)","胡私讲"
"胡笛(1948)","胡笛"
"胡英民(1948)","胡英民"
"胡麟(1948)","胡麟"
"自莽(1948)","自莽"
"舒兴(1948)","舒兴"
"舒曼(1948)","舒曼"
"艾父(1948)","艾父"
"艾群(1948)","艾群"
"艾芜(1948)","艾芜"
"艾迟(1948)","艾迟"
"芝英(1948)","芝英"
"芮沐(1948)","芮沐"
"芴章(1948)","芴章"
"苏代(1948)","苏代"
"苏岚(1948)","苏岚"
"苏新(1948)","苏新"
"苏汝江(1948)","苏汝江"
"苏洞国(1948)","苏洞国"
"苏翰笙(1948)","苏翰笙"
"苗伯骆(1948)","苗伯骆"
"若苏(1948)","若苏"
"范刚(1948)","范刚"
"范士宏(1948)","范士宏"
"范家骅(1948)","范家骅"
"范成之(1948)","范成之"
"范泉(1948)","范泉"
"茅盾(1948)","茅盾"
"荒漠(1948)","荒漠"
"药知非(1948)","药知非"
"莘薇(1948)","莘薇"
"莫如俭(1948)","莫如俭"
"萍天(1948)","萍天"
"萍庵(1948)","萍庵"
"萧文(1948)","萧文"
"萧望卿(1948)","萧望卿"
"萧梅(1948)","萧梅"
"萧般吉(1948)","萧般吉"
"萧辉楷(1948)","萧辉楷"
"葛汉民(1948)","葛汉民"
"葛维其（Georges_Gurvitch）(1948)","葛维其（Georges_Gurvitch）"
"董时进(1948)","董时进"
"董每戡(1948)","董每戡"
"葵尚思(1948)","葵尚思"
"蒋修苗(1948)","蒋修苗"
"蒋学模(1948)","蒋学模"
"蒋尚思(1948)","蒋尚思"
"蒋平(1948)","蒋平"
"蒋恩钿(1948)","蒋恩钿"
"蒋无逆(1948)","蒋无逆"
"蒋某(1948)","蒋某"
"蒋源(1948)","蒋源"
"蒋笃才(1948)","蒋笃才"
"蒋阿英(1948)","蒋阿英"
"蒙毅(1948)","蒙毅"
"蒿目(1948)","蒿目"
"蓝悒(1948)","蓝悒"
"蓝蒲珍(1948)","蓝蒲珍"
"蔚如(1948)","蔚如"
"蔡侯(1948)","蔡侯"
"蔡壬侯(1948)","蔡壬侯"
"蔡尚钰(1948)","蔡尚钰"
"蕴平(1948)","蕴平"
"蕴谛(1948)","蕴谛"
"薛愚(1948)","薛愚"
"薛汕(1948)","薛汕"
"虞人(1948)","虞人"
"蜀人(1948)","蜀人"
"衣锦(1948)","衣锦"
"补齐(1948)","补齐"
"袁国弼(1948)","袁国弼"
"袁昌英(1948)","袁昌英"
"袁非愚(1948)","袁非愚"
"裘审行(1948)","裘审行"
"裘思(1948)","裘思"
"裘文静(1948)","裘文静"
"见仁(1948)","见仁"
"许寂(1948)","许寂"
"许小花(1948)","许小花"
"许少甫(1948)","许少甫"
"许文静(1948)","许文静"
"许斐(1948)","许斐"
"许明(1948)","许明"
"许杰(1948)","许杰"
"许由(1948)","许由"
"谔士(1948)","谔士"
"谢南阳(1948)","谢南阳"
"谢菁(1948)","谢菁"
"谢静安(1948)","谢静安"
"谷新(1948)","谷新"
"谷方(1948)","谷方"
"谷林歌(1948)","谷林歌"
"费吴炯(1948)","费吴炯"
"费正清(1948)","费正清"
"贺明(1948)","贺明"
"贺毅(1948)","贺毅"
"贾子心(1948)","贾子心"
"贾才(1948)","贾才"
"贾观仁(1948)","贾观仁"
"赵心梅(1948)","赵心梅"
"赵瑞生(1948)","赵瑞生"
"赵超构(1948)","赵超构"
"赵迺抟(1948)","赵迺抟"
"越人(1948)","越人"
"路人(1948)","路人"
"路维宽(1948)","路维宽"
"过客(1948)","过客"
"进一(1948)","进一"
"远云岚(1948)","远云岚"
"远清(1948)","远清"
"迟玉(1948)","迟玉"
"透云(1948)","透云"
"遇之(1948)","遇之"
"道行(1948)","道行"
"邑文(1948)","邑文"
"邓威(1948)","邓威"
"邓钜经(1948)","邓钜经"
"邢慕寰(1948)","邢慕寰"
"邱克勤(1948)","邱克勤"
"邱吾(1948)","邱吾"
"邵循道(1948)","邵循道"
"邵景圆(1948)","邵景圆"
"邵燕平(1948)","邵燕平"
"邵燕祥(1948)","邵燕祥"
"郁栀(1948)","郁栀"
"郑义(1948)","郑义"
"郑伯彬(1948)","郑伯彬"
"郑侠(1948)","郑侠"
"郑克修(1948)","郑克修"
"郑春泉(1948)","郑春泉"
"郑若颖(1948)","郑若颖"
"郑道传(1948)","郑道传"
"郭叔壬(1948)","郭叔壬"
"郭大力(1948)","郭大力"
"郭少川(1948)","郭少川"
"郭根(1948)","郭根"
"郭正(1948)","郭正"
"郭绍虞(1948)","郭绍虞"
"郭萍鸣(1948)","郭萍鸣"
"郭辛(1948)","郭辛"
"鄢从善(1948)","鄢从善"
"野潮(1948)","野潮"
"金大均(1948)","金大均"
"金易(1948)","金易"
"金源(1948)","金源"
"金石(1948)","金石"
"金竟(1948)","金竟"
"金若(1948)","金若"
"金轮海(1948)","金轮海"
"金重(1948)","金重"
"鉴清(1948)","鉴清"
"钟唐(1948)","钟唐"
"钟敬文(1948)","钟敬文"
"钟杰(1948)","钟杰"
"钱克新(1948)","钱克新"
"钱塘潮(1948)","钱塘潮"
"钱墨林(1948)","钱墨林"
"钱歌川(1948)","钱歌川"
"钱锺书(1948)","钱锺书"
"铁生(1948)","铁生"
"银沐(1948)","银沐"
"长之(1948)","长之"
"长青(1948)","长青"
"闵思彦(1948)","闵思彦"
"闻鼙(1948)","闻鼙"
"闽友(1948)","闽友"
"阮惠刚(1948)","阮惠刚"
"阿栅(1948)","阿栅"
"阿细(1948)","阿细"
"陆君平(1948)","陆君平"
"陆平强(1948)","陆平强"
"陆志群(1948)","陆志群"
"陆文兴(1948)","陆文兴"
"陆森(1948)","陆森"
"陆自成(1948)","陆自成"
"陈××(1948)","陈××"
"陈仲期(1948)","陈仲期"
"陈伯康(1948)","陈伯康"
"陈伶(1948)","陈伶"
"陈君葆(1948)","陈君葆"
"陈啓达(1948)","陈啓达"
"陈善(1948)","陈善"
"陈实(1948)","陈实"
"陈家澂(1948)","陈家澂"
"陈宽之(1948)","陈宽之"
"陈微子(1948)","陈微子"
"陈志清(1948)","陈志清"
"陈志让(1948)","陈志让"
"陈思卓(1948)","陈思卓"
"陈执(1948)","陈执"
"陈旭麓(1948)","陈旭麓"
"陈时臬(1948)","陈时臬"
"陈景茜(1948)","陈景茜"
"陈望道(1948)","陈望道"
"陈本端(1948)","陈本端"
"陈此生(1948)","陈此生"
"陈浩生(1948)","陈浩生"
"陈痛(1948)","陈痛"
"陈石湘(1948)","陈石湘"
"陈石铭(1948)","陈石铭"
"陈砥平(1948)","陈砥平"
"陈章(1948)","陈章"
"陈筑山(1948)","陈筑山"
"陈纪(1948)","陈纪"
"陈翰笙(1948)","陈翰笙"
"陈荩民(1948)","陈荩民"
"陈路(1948)","陈路"
"陈辉(1948)","陈辉"
"陈迟(1948)","陈迟"
"陈述昆(1948)","陈述昆"
"陈选善(1948)","陈选善"
"陈际(1948)","陈际"
"陈际云(1948)","陈际云"
"陈陆(1948)","陈陆"
"陶大镛(1948)","陶大镛"
"陶永芳(1948)","陶永芳"
"陶砌(1948)","陶砌"
"陶维大(1948)","陶维大"
"雁心(1948)","雁心"
"雅茜(1948)","雅茜"
"集纳者(1948)","集纳者"
"雨巖(1948)","雨巖"
"雨沛(1948)","雨沛"
"雨沬(1948)","雨沬"
"雪馥(1948)","雪馥"
"雷海宗(1948)","雷海宗"
"雷遇春(1948)","雷遇春"
"雷锐军(1948)","雷锐军"
"霖萍(1948)","霖萍"
"青争(1948)","青争"
"青见(1948)","青见"
"静之(1948)","静之"
"静涵(1948)","静涵"
"非邮人(1948)","非邮人"
"靳巩(1948)","靳巩"
"韦仲儒(1948)","韦仲儒"
"韦文(1948)","韦文"
"韦武(1948)","韦武"
"韩万青(1948)","韩万青"
"韩兆鹗(1948)","韩兆鹗"
"韩德培(1948)","韩德培"
"韩超伦(1948)","韩超伦"
"顾家本(1948)","顾家本"
"顾家标(1948)","顾家标"
"顾掌擎(1948)","顾掌擎"
"顾秉之(1948)","顾秉之"
"顾轶人(1948)","顾轶人"
"顾颉钢(1948)","顾颉钢"
"颜子和(1948)","颜子和"
"颜钦善(1948)","颜钦善"
"马丁(1948)","马丁"
"马元青(1948)","马元青"
"马克敦(1948)","马克敦"
"马复生(1948)","马复生"
"马廷杰(1948)","马廷杰"
"马正进(1948)","马正进"
"马汀(1948)","马汀"
"马碧莲(1948)","马碧莲"
"马逢华(1948)","马逢华"
"高向华(1948)","高向华"
"高君(1948)","高君"
"高天(1948)","高天"
"高植(1948)","高植"
"高祖文(1948)","高祖文"
"高迅(1948)","高迅"
"高鸿荣(1948)","高鸿荣"
"鲁健(1948)","鲁健"
"鲁宾荪(1948)","鲁宾荪"
"鲁铁民(1948)","鲁铁民"
"鲁闻(1948)","鲁闻"
"鲁靱(1948)","鲁靱"
"鸣歌(1948)","鸣歌"
"麦杆(1948)","麦杆"
"黄元(1948)","黄元"
"黄公伟(1948)","黄公伟"
"黄嘉音(1948)","黄嘉音"
"黄家栋(1948)","黄家栋"
"黄志坚(1948)","黄志坚"
"黄文通(1948)","黄文通"
"黄潮如(1948)","黄潮如"
"黄玉发(1948)","黄玉发"
"黄碧遥(1948)","黄碧遥"
"黄菲(1948)","黄菲"
"黄葆华(1948)","黄葆华"
"黄钧达(1948)","黄钧达"
"黄龙生(1948)","黄龙生"
"黎先慧(1948)","黎先慧"
"黎宁(1948)","黎宁"
"黎开原(1948)","黎开原"
"黎深(1948)","黎深"
"鼎彝(1948)","鼎彝"
"齐家经(1948)","齐家经"
"齐星(1948)","齐星"
"龙子(1948)","龙子"
"龙正大(1948)","龙正大"
"龟溪(1948)","龟溪"
"（匈牙利）B·易澳士(1948)","（匈牙利）B·易澳士"
"（匈牙利）K·米克萨(1948)","（匈牙利）K·米克萨"
"（匈牙利）Tabi(1948)","（匈牙利）Tabi"
"（美）马丁(1948)","（美）马丁"
"（苏）皮德尔斯基(1948)","（苏）皮德尔斯基"
"（苏）麦里可夫(1948)","（苏）麦里可夫"
"（英）Crossman，R.H.S.(1948)","（英）Crossman，R.H.S."
"（越）阮文化(1948)","（越）阮文化"
"仲亨(1949)","仲亨"
"张绍贤(1949)","张绍贤"
"丁蕾(1949)","丁蕾"
"柏苍(1949)","柏苍"
"波光(1949)","波光"
"方成(1949)","方成"
"洪荒(1949)","洪荒"
"陈仁炳(1949)","陈仁炳"
"谭波莉(1949)","谭波莉"
"杨群(1949)","杨群"
"张君劢(1949)","张君劢"
"思慕(1949)","思慕"
"柯永(1949)","柯永"
"欧阳春(1949)","欧阳春"
"秋枫(1949)","秋枫"
"蔡尚思(1949)","蔡尚思"
"讷庵(1949)","讷庵"
"齐芬(1949)","齐芬"
"任懿斐(1949)","任懿斐"
"孟宪章(1949)","孟宪章"
"张孟闻(1949)","张孟闻"
"张肖梅(1949)","张肖梅"
"未央(1949)","未央"
"杨博如(1949)","杨博如"
"梁纯夫(1949)","梁纯夫"
"漆琪生(1949)","漆琪生"
"王希和(1949)","王希和"
"程文熙(1949)","程文熙"
"笪移今(1949)","笪移今"
"罗子为(1949)","罗子为"
"萧贤(1949)","萧贤"
"陆诒(1949)","陆诒"
"黄药眠(1949)","黄药眠"
"储安平(1949)","储安平"
"全真(1949)","全真"
"冰洋(1949)","冰洋"
"冰菱(1949)","冰菱"
"同父(1949)","同父"
"孙大雨(1949)","孙大雨"
"张弦(1949)","张弦"
"朝晴(1949)","朝晴"
"李慧(1949)","李慧"
"杨奎章(1949)","杨奎章"
"樊弘(1949)","樊弘"
"横眉(1949)","横眉"
"潘震亚(1949)","潘震亚"
"王厚生(1949)","王厚生"
"田夫之(1949)","田夫之"
"艾苦鋆(1949)","艾苦鋆"
"谷新(1949)","谷新"
"辛圭(1949)","辛圭"
"陈若群(1949)","陈若群"
"高天(1949)","高天"
"黄朗(1949)","黄朗"
"龚祥瑞(1949)","龚祥瑞"
"Doru(1949)","Doru"
"Levy，H.(1949)","Levy，H."
"丁兄(1949)","丁兄"
"丁正伟(1949)","丁正伟"
"万异(1949)","万异"
"万殊(1949)","万殊"
"丘克辉(1949)","丘克辉"
"严学易(1949)","严学易"
"之谷(1949)","之谷"
"习门(1949)","习门"
"了然(1949)","了然"
"于辅大(1949)","于辅大"
"云应霖(1949)","云应霖"
"人立(1949)","人立"
"今吾(1949)","今吾"
"何友悌(1949)","何友悌"
"何旭(1949)","何旭"
"何矩(1949)","何矩"
"余园(1949)","余园"
"傅啓民(1949)","傅啓民"
"光华(1949)","光华"
"冯契(1949)","冯契"
"冯素陶(1949)","冯素陶"
"刘伯陶(1949)","刘伯陶"
"刘士伟(1949)","刘士伟"
"千家驹(1949)","千家驹"
"华辰(1949)","华辰"
"南人(1949)","南人"
"卜一(1949)","卜一"
"卢于道(1949)","卢于道"
"卢心远(1949)","卢心远"
"卢蕾谷(1949)","卢蕾谷"
"可扬(1949)","可扬"
"史靖(1949)","史靖"
"叶健铁(1949)","叶健铁"
"叶成林(1949)","叶成林"
"吕飞(1949)","吕飞"
"吴四维(1949)","吴四维"
"吴大琨(1949)","吴大琨"
"吴方高(1949)","吴方高"
"吴明(1949)","吴明"
"吴明石(1949)","吴明石"
"周伯棣(1949)","周伯棣"
"周新民(1949)","周新民"
"周谷城(1949)","周谷城"
"夏康农(1949)","夏康农"
"夏炎德(1949)","夏炎德"
"奚永伟(1949)","奚永伟"
"子冈(1949)","子冈"
"孙冰如(1949)","孙冰如"
"孙执中(1949)","孙执中"
"孟南(1949)","孟南"
"季羡林(1949)","季羡林"
"学尧(1949)","学尧"
"宋越伦(1949)","宋越伦"
"寿秋情(1949)","寿秋情"
"封淑(1949)","封淑"
"小泉(1949)","小泉"
"小鱼(1949)","小鱼"
"岁奇(1949)","岁奇"
"庄嘉农(1949)","庄嘉农"
"府师(1949)","府师"
"康遂(1949)","康遂"
"张敬亭(1949)","张敬亭"
"张文琦(1949)","张文琦"
"张明养(1949)","张明养"
"张殊明(1949)","张殊明"
"张江帆(1949)","张江帆"
"彝瀛(1949)","彝瀛"
"徐革陈(1949)","徐革陈"
"德明(1949)","德明"
"戎文佐(1949)","戎文佐"
"成纪(1949)","成纪"
"扬群(1949)","扬群"
"文骊(1949)","文骊"
"方淳(1949)","方淳"
"星覆(1949)","星覆"
"春畦(1949)","春畦"
"曹锡珍(1949)","曹锡珍"
"曾伟(1949)","曾伟"
"曾昭抡(1949)","曾昭抡"
"朝月(1949)","朝月"
"木枫(1949)","木枫"
"未明(1949)","未明"
"本初(1949)","本初"
"朱启贤(1949)","朱启贤"
"朱绍文(1949)","朱绍文"
"李一民(1949)","李一民"
"李世浩(1949)","李世浩"
"李中严(1949)","李中严"
"李乡樸(1949)","李乡樸"
"李伯球(1949)","李伯球"
"李宗瀛(1949)","李宗瀛"
"李显仁(1949)","李显仁"
"李树动(1949)","李树动"
"李桦(1949)","李桦"
"李梅(1949)","李梅"
"李相符(1949)","李相符"
"李维林(1949)","李维林"
"李辉(1949)","李辉"
"村彬(1949)","村彬"
"杜渐(1949)","杜渐"
"杨卫玉(1949)","杨卫玉"
"杨戎(1949)","杨戎"
"杨琛(1949)","杨琛"
"杨诚(1949)","杨诚"
"林焕平(1949)","林焕平"
"林穆光(1949)","林穆光"
"梁敬錞(1949)","梁敬錞"
"梁漱溟(1949)","梁漱溟"
"梁若尘(1949)","梁若尘"
"楼邦彦(1949)","楼邦彦"
"欧阳澄(1949)","欧阳澄"
"欧阳澄节(1949)","欧阳澄节"
"武石(1949)","武石"
"求是(1949)","求是"
"汤德明(1949)","汤德明"
"汪超伦(1949)","汪超伦"
"汪铭德(1949)","汪铭德"
"沈伯任(1949)","沈伯任"
"沈叔平(1949)","沈叔平"
"洛羊(1949)","洛羊"
"流金(1949)","流金"
"湘女(1949)","湘女"
"焦敏之(1949)","焦敏之"
"王小石(1949)","王小石"
"王速之(1949)","王速之"
"王造时(1949)","王造时"
"王铁崖(1949)","王铁崖"
"瑞仁(1949)","瑞仁"
"田寿(1949)","田寿"
"由中(1949)","由中"
"瞿士良(1949)","瞿士良"
"矛林(1949)","矛林"
"石童(1949)","石童"
"石闻(1949)","石闻"
"秀英(1949)","秀英"
"秋明(1949)","秋明"
"秋田(1949)","秋田"
"秦牧(1949)","秦牧"
"章靳以(1949)","章靳以"
"童大勇(1949)","童大勇"
"素武(1949)","素武"
"绍声(1949)","绍声"
"绍猷(1949)","绍猷"
"罗梦册(1949)","罗梦册"
"罗涵先(1949)","罗涵先"
"羊群(1949)","羊群"
"翁独健(1949)","翁独健"
"胡仲持(1949)","胡仲持"
"胡守愚(1949)","胡守愚"
"胡绳(1949)","胡绳"
"胡遇复(1949)","胡遇复"
"苏复洛夫(1949)","苏复洛夫"
"董冰如(1949)","董冰如"
"蒋生(1949)","蒋生"
"蒙若(1949)","蒙若"
"蕾谷(1949)","蕾谷"
"谷新之(1949)","谷新之"
"费孝通(1949)","费孝通"
"赵志华(1949)","赵志华"
"辛斤(1949)","辛斤"
"辽远(1949)","辽远"
"邵二(1949)","邵二"
"邹风(1949)","邹风"
"郑铁村(1949)","郑铁村"
"郑铁邨(1949)","郑铁邨"
"郭梅荪(1949)","郭梅荪"
"郭沫若(1949)","郭沫若"
"郭绍虞(1949)","郭绍虞"
"钱塘令(1949)","钱塘令"
"钱端升(1949)","钱端升"
"阮富乙(1949)","阮富乙"
"陈惠生(1949)","陈惠生"
"陈旭麓(1949)","陈旭麓"
"陈望道(1949)","陈望道"
"陈正兴(1949)","陈正兴"
"陈涛(1949)","陈涛"
"陈福悲(1949)","陈福悲"
"陈行健(1949)","陈行健"
"陈途(1949)","陈途"
"陈震亚(1949)","陈震亚"
"陶大镛(1949)","陶大镛"
"静远(1949)","静远"
"非汎(1949)","非汎"
"靳以(1949)","靳以"
"顾新(1949)","顾新"
"马梁(1949)","马梁"
"马霍京(1949)","马霍京"
"驻青(1949)","驻青"
"高山(1949)","高山"
"高朗(1949)","高朗"
"黄一中(1949)","黄一中"
"黎玄(1949)","黎玄"
"默文(1949)","默文"
"（罗马尼亚）Doru(1949)","（罗马尼亚）Doru"
"（苏）叶菲莫夫(1949)","（苏）叶菲莫夫"
"（苏）库克里尼克希(1949)","（苏）库克里尼克希"
